canonical_SMILES,raw_SMILES,potency,source
c1ccc(-c2ccc(CNCC3(N4CCCC4)COC3)o2)cc1,c1ccc(-c2ccc(CNCC3(N4CCCC4)COC3)o2)cc1,1,active
c1ccc(C2CCC(CNCC3(N4CCCC4)COC3)O2)cc1,C(NCC1(COC1)N1CCCC1)C1CCC(O1)c1ccccc1,1,active
Cc1c(Nc2ccncc2C(=O)NNC(=O)/C=C/C(=O)O)cc(Cl)c(Nc2ccccc2[N+](=O)[O-])c1Cl,Cc1c(Nc2ccncc2C(=O)NNC(=O)/C=C/C(=O)O)cc(Cl)c(Nc2ccccc2[N+](=O)[O-])c1Cl,1,active
Fc1ccc2[nH]cc(CNCC3(N4CCCC4)COC3)c2c1,Fc1ccc2[nH]cc(CNCC3(N4CCCC4)COC3)c2c1,1,active
FC(F)(F)Sc1ccc(CNCC2(N3CCCC3)COC2)cc1,FC(F)(F)Sc1ccc(CNCC2(N3CCCC3)COC2)cc1,1,active
Cc1n[nH]cc1-c1cc(Cl)c(Nc2ccccc2C(=O)O)c(Cl)c1,Cc1n[nH]cc1-c1cc(Cl)c(Nc2ccccc2C(=O)O)c(Cl)c1,1,active
N#C/C(=C\c1cc(O)c(O)c([N+](=O)[O-])c1)c1cnccn1,N#C/C(=C\c1cc(O)c(O)c([N+](=O)[O-])c1)c1cnccn1,1,active
c1ccc(-c2ccc(CNCC3(N4CCCC4)COC3)s2)cc1,c1ccc(-c2ccc(CNCC3(N4CCCC4)COC3)s2)cc1,1,active
c1ccc(C2CCC(CNCC3(N4CCCC4)COC3)S2)cc1,C(NCC1(COC1)N1CCCC1)C1CCC(S1)c1ccccc1,1,active
N#C/C(=C\c1cc(O)c(O)c([N+](=O)[O-])c1)c1cnc(C(=O)O)cn1,N#C/C(=C\c1cc(O)c(O)c([N+](=O)[O-])c1)c1cnc(C(=O)O)cn1,1,active
CN(C)c1nc(N)c(C(=O)NC(=N)N)nc1Cl,CN(C)c1nc(N)c(C(=O)NC(=N)N)nc1Cl,1,active
Cc1ccc(CNCC2(N3CCCC3)COC2)cc1C,Cc1ccc(CNCC2(N3CCCC3)COC2)cc1C,1,active
Cc1ccc2[nH]cc(CNCC3(N4CCCC4)COC3)c2c1,Cc1ccc2[nH]cc(CNCC3(N4CCCC4)COC3)c2c1,1,active
Cc1noc(C)c1-c1cc(Cl)c(Nc2ccccc2C(=O)O)c(Cl)c1,Cc1noc(C)c1-c1cc(Cl)c(Nc2ccccc2C(=O)O)c(Cl)c1,1,active
Cc1noc(C)c1-c1cc(Cl)c(Nc2ccccc2-c2nn[nH]n2)c(Cl)c1,Cc1noc(C)c1-c1cc(Cl)c(Nc2ccccc2-c2nn[nH]n2)c(Cl)c1,1,active
Fc1ccc2c(CNCC3(N4CCC(F)C4)COC3)c[nH]c2c1,Fc1ccc2c(CNCC3(N4CCC(F)C4)COC3)c[nH]c2c1,1,active
COc1cccc2c1C1CN(CCCCn3c(=O)[nH]c4c(sc5ncc(-c6ccccc6)nc54)c3=O)CC1CO2,COc1cccc2c1C1CN(CCCCn3c(=O)[nH]c4c(sc5ncc(-c6ccccc6)nc54)c3=O)CC1CO2,1,active
N#C/C(=C(/O)c1cc(O)c(O)c([N+](=O)[O-])c1)c1cnccn1,N#C/C(=C(/O)c1cc(O)c(O)c([N+](=O)[O-])c1)c1cnccn1,1,active
N#C/C(C(=O)Nc1nccs1)=C(/O)c1cc(O)c(O)c([N+](=O)[O-])c1,N#C/C(C(=O)Nc1nccs1)=C(/O)c1cc(O)c(O)c([N+](=O)[O-])c1,1,active
CCN(CC)C(=O)/C(C#N)=C(\O)c1cc(O)c(O)c([N+](=O)[O-])c1,CCN(CC)C(=O)/C(C#N)=C(\O)c1cc(O)c(O)c([N+](=O)[O-])c1,1,active
N#C/C(=C(/O)c1cc(O)c(O)c([N+](=O)[O-])c1)c1ccncn1,N#C/C(=C(/O)c1cc(O)c(O)c([N+](=O)[O-])c1)c1ccncn1,1,active
N#C/C(=C\c1cc(O)c(O)c([N+](=O)[O-])c1)c1ccncn1,N#C/C(=C\c1cc(O)c(O)c([N+](=O)[O-])c1)c1ccncn1,1,active
CCN(CC)C(=O)/C(C#N)=C(\N)c1cc(O)c(O)c([N+](=O)[O-])c1,CCN(CC)C(=O)/C(C#N)=C(\N)c1cc(O)c(O)c([N+](=O)[O-])c1,1,active
O=C(O)/C=C/C(=O)NNC(=O)c1cnccc1Nc1cc(Cl)c(Nc2ccccc2[N+](=O)[O-])c(Cl)c1,O=C(O)/C=C/C(=O)NNC(=O)c1cnccc1Nc1cc(Cl)c(Nc2ccccc2[N+](=O)[O-])c(Cl)c1,1,active
O=C(O)c1ccccc1Nc1c(Cl)cc(-c2c[nH]nn2)cc1Cl,O=C(O)c1ccccc1Nc1c(Cl)cc(-c2c[nH]nn2)cc1Cl,1,active
c1cc2c(cc1CNCC1(N3CCCC3)COC1)OCCO2,c1cc2c(cc1CNCC1(N3CCCC3)COC1)OCCO2,1,active
Cc1noc(C)c1-c1cc(F)c(Nc2ccccc2C(=O)O)c(Cl)c1,Cc1noc(C)c1-c1cc(F)c(Nc2ccccc2C(=O)O)c(Cl)c1,1,active
CCOc1nc2ccccc2nc1C(=O)NCCN(CC)CC,CCOc1nc2ccccc2nc1C(=O)NCCN(CC)CC,1,active
N#C/C(C(=O)N1CCC1)=C(/O)c1cc(O)c(O)c([N+](=O)[O-])c1,N#C/C(C(=O)N1CCC1)=C(/O)c1cc(O)c(O)c([N+](=O)[O-])c1,1,active
N#C/C(C(=O)C1CCC1)=C(/O)c1cc(O)c(O)c([N+](=O)[O-])c1,N#C/C(C(=O)C1CCC1)=C(/O)c1cc(O)c(O)c([N+](=O)[O-])c1,1,active
N#C/C(=C(/O)c1cc(O)c(O)c([N+](=O)[O-])c1)c1cnc(C(=O)O)cn1,N#C/C(=C(/O)c1cc(O)c(O)c([N+](=O)[O-])c1)c1cnc(C(=O)O)cn1,1,active
N#C/C(=C(/O)c1cc(O)c(O)c([N+](=O)[O-])c1)c1ccccn1,N#C/C(=C(/O)c1cc(O)c(O)c([N+](=O)[O-])c1)c1ccccn1,1,active
N#C/C(C(=O)N1CCCCC1)=C(/N)c1cc(O)c(O)c([N+](=O)[O-])c1,N#C/C(C(=O)N1CCCCC1)=C(/N)c1cc(O)c(O)c([N+](=O)[O-])c1,1,active
CCOc1nc2ccccc2nc1C(=O)Nc1cccnc1,CCOc1nc2ccccc2nc1C(=O)Nc1cccnc1,1,active
O=C(O)c1c(CN2CCCOCC2)cccc1Nc1c(Cl)cc(-c2nnn[nH]2)cc1Cl,O=C(O)c1c(CN2CCCOCC2)cccc1Nc1c(Cl)cc(-c2nnn[nH]2)cc1Cl,1,active
c1cc2cc(CNCC3(N4CCCC4)COC3)ccc2[nH]1,c1cc2cc(CNCC3(N4CCCC4)COC3)ccc2[nH]1,1,active
Fc1ccc2c(CNCC3(N4CCCC4)COC3)c[nH]c2c1,Fc1ccc2c(CNCC3(N4CCCC4)COC3)c[nH]c2c1,1,active
N[C@H](CCCCCP(=O)(O)O)C(=O)O,N[C@H](CCCCCP(=O)(O)O)C(=O)O,1,active
COc1cccc2c(CNCC3(N4CCCC4)COC3)c[nH]c12,COc1cccc2c(CNCC3(N4CCCC4)COC3)c[nH]c12,1,active
Cc1noc(C)c1-c1cc(Cl)c(Nc2ccccc2C(=O)O)c(Cl)n1,Cc1noc(C)c1-c1cc(Cl)c(Nc2ccccc2C(=O)O)c(Cl)n1,1,active
Cc1cc(-c2c(C)noc2C)cc(Cl)c1Nc1ccccc1C(=O)O,Cc1cc(-c2c(C)noc2C)cc(Cl)c1Nc1ccccc1C(=O)O,1,active
Fc1ccc2[nH]cc(CNCC3(N4CCC(F)C4)COC3)c2c1,Fc1ccc2[nH]cc(CNCC3(N4CCC(F)C4)COC3)c2c1,1,active
O=C(O)c1ccccc1Nc1c(Cl)cc(-c2nnn[nH]2)cc1Cl,OC(=O)c1ccccc1Nc1c(Cl)cc(cc1Cl)-c1nnn[nH]1,1,active
Cc1cccc2cc(CNCC3(N4CCCC4)COC3)cnc12,Cc1cccc2cc(CNCC3(N4CCCC4)COC3)cnc12,1,active
Cc1cccc2cc(CNCC3(N4CCCC4)COC3)c(Cl)nc12,Cc1cccc2cc(CNCC3(COC3)N3CCCC3)c(Cl)nc12,1,active
N#C/C(C(=O)Nc1ncns1)=C(/O)c1cc(O)c(O)c([N+](=O)[O-])c1,N#C/C(C(=O)Nc1ncns1)=C(/O)c1cc(O)c(O)c([N+](=O)[O-])c1,1,active
N#C/C(=C\c1cc(O)c(O)c([N+](=O)[O-])c1)C(=O)N1CCC1,N#C/C(=C\c1cc(O)c(O)c([N+](=O)[O-])c1)C(=O)N1CCC1,1,active
N#C/C(C(=O)NC1CC1)=C(/N)c1cc(O)c(O)c([N+](=O)[O-])c1,N#C/C(C(=O)NC1CC1)=C(/N)c1cc(O)c(O)c([N+](=O)[O-])c1,1,active
N#C/C(C(=O)c1cscn1)=C(/N)c1cc(O)c(O)c([N+](=O)[O-])c1,N#C/C(C(=O)c1cscn1)=C(/N)c1cc(O)c(O)c([N+](=O)[O-])c1,1,active
N#C/C(=C\c1cc(O)c(O)c([N+](=O)[O-])c1)c1ncns1,N#C/C(=C\c1cc(O)c(O)c([N+](=O)[O-])c1)c1ncns1,1,active
N#C/C(=C\c1cc(O)c(O)c([N+](=O)[O-])c1)C(=O)N1CCOCC1,N#C/C(=C\c1cc(O)c(O)c([N+](=O)[O-])c1)C(=O)N1CCOCC1,1,active
N#C/C(=C\c1cc(O)c(O)c([N+](=O)[O-])c1)C(=O)NO,N#C/C(=C\c1cc(O)c(O)c([N+](=O)[O-])c1)C(=O)NO,1,active
N#C/C(C(=O)N1CCC1)=C(/N)c1cc(O)c(O)c([N+](=O)[O-])c1,N#C/C(C(=O)N1CCC1)=C(/N)c1cc(O)c(O)c([N+](=O)[O-])c1,1,active
N#C/C(=C\c1cc(O)c(O)c([N+](=O)[O-])c1)C(=O)Nc1cccc(Cl)c1,N#C/C(=C\c1cc(O)c(O)c([N+](=O)[O-])c1)C(=O)Nc1cccc(Cl)c1,1,active
N#C/C(=C\c1cc(O)c(O)c([N+](=O)[O-])c1)C(=O)c1nc2ccccc2[nH]1,N#C/C(=C\c1cc(O)c(O)c([N+](=O)[O-])c1)C(=O)c1nc2ccccc2[nH]1,1,active
N#C/C(=C(/O)c1cc(O)c(O)c([N+](=O)[O-])c1)c1nc2ccccc2s1,N#C/C(=C(/O)c1cc(O)c(O)c([N+](=O)[O-])c1)c1nc2ccccc2s1,1,active
COc1cc(/C(O)=C(\C#N)c2cnccn2)cc([N+](=O)[O-])c1O,COc1cc(/C(O)=C(\C#N)c2cnccn2)cc([N+](=O)[O-])c1O,1,active
N#C/C(=C\c1cc(O)c(O)c([N+](=O)[O-])c1)c1nccs1,N#C/C(=C\c1cc(O)c(O)c([N+](=O)[O-])c1)c1nccs1,1,active
N#C/C(=C\c1cc(O)c(O)c([N+](=O)[O-])c1)c1cccnc1,N#C/C(=C\c1cc(O)c(O)c([N+](=O)[O-])c1)c1cccnc1,1,active
CCNC(=O)/C(C#N)=C(\O)c1cc(O)c(O)c([N+](=O)[O-])c1,CCNC(=O)/C(C#N)=C(\O)c1cc(O)c(O)c([N+](=O)[O-])c1,1,active
N#C/C(=C(/N)c1cc(O)c(O)c([N+](=O)[O-])c1)c1cnc(C(=O)O)cn1,N#C/C(=C(/N)c1cc(O)c(O)c([N+](=O)[O-])c1)c1cnc(C(=O)O)cn1,1,active
N#C/C(=C\c1cc(O)c(O)c([N+](=O)[O-])c1)C(=O)NCC(=O)O,N#C/C(=C\c1cc(O)c(O)c([N+](=O)[O-])c1)C(=O)NCC(=O)O,1,active
N#C/C(=C\c1cc(O)c(O)c([N+](=O)[O-])c1)C(=O)c1cc(O)no1,N#C/C(=C\c1cc(O)c(O)c([N+](=O)[O-])c1)C(=O)c1cc(O)no1,1,active
N#C/C(=C\c1cc(O)c(O)c([N+](=O)[O-])c1)c1cncnc1,N#C/C(=C\c1cc(O)c(O)c([N+](=O)[O-])c1)c1cncnc1,1,active
N#C/C(C(=O)Nc1cnccn1)=C(/O)c1cc(O)c(O)c([N+](=O)[O-])c1,N#C/C(C(=O)Nc1cnccn1)=C(/O)c1cc(O)c(O)c([N+](=O)[O-])c1,1,active
N#C/C(=C\c1cc(O)c(O)c([N+](=O)[O-])c1)C(=O)NCCO,N#C/C(=C\c1cc(O)c(O)c([N+](=O)[O-])c1)C(=O)NCCO,1,active
N#C/C(=C\c1cc(O)c(O)c([N+](=O)[O-])c1)C(=O)N[C@@H](CO)C(=O)O,N#C/C(=C\c1cc(O)c(O)c([N+](=O)[O-])c1)C(=O)N[C@@H](CO)C(=O)O,1,active
CCNC(=O)/C(C#N)=C/c1cc(O)c(O)c([N+](=O)[O-])c1,CCNC(=O)/C(C#N)=C/c1cc(O)c(O)c([N+](=O)[O-])c1,1,active
Clc1ccccc1-c1ccc(CNCC2(N3CCCC3)COC2)o1,Clc1ccccc1-c1ccc(CNCC2(N3CCCC3)COC2)o1,1,active
N#C/C(C(=O)c1cscn1)=C(/O)c1cc(O)c(O)c([N+](=O)[O-])c1,N#C/C(C(=O)c1cscn1)=C(/O)c1cc(O)c(O)c([N+](=O)[O-])c1,1,active
N#C/C(=C\c1cc(O)c(O)c([N+](=O)[O-])c1)c1cccnn1,N#C/C(=C\c1cc(O)c(O)c([N+](=O)[O-])c1)c1cccnn1,1,active
N#C/C(=C\c1cc(O)c(O)c([N+](=O)[O-])c1)C(=O)N1CCCC1,N#C/C(=C\c1cc(O)c(O)c([N+](=O)[O-])c1)C(=O)N1CCCC1,1,active
N#C/C(=C\c1cc(O)c(O)c([N+](=O)[O-])c1)C(=O)Nc1nc2ccccc2s1,N#C/C(=C\c1cc(O)c(O)c([N+](=O)[O-])c1)C(=O)Nc1nc2ccccc2s1,1,active
N#C/C(=C\c1cc(O)c(O)c([N+](=O)[O-])c1)C(=O)N1CCC[C@H]1C(=O)O,N#C/C(=C\c1cc(O)c(O)c([N+](=O)[O-])c1)C(=O)N1CCC[C@H]1C(=O)O,1,active
N#C/C(=C\c1cc(O)c(O)c([N+](=O)[O-])c1)c1ccncc1,N#C/C(=C\c1cc(O)c(O)c([N+](=O)[O-])c1)c1ccncc1,1,active
Cc1ccc(/C(C#N)=C/c2cc(O)c(O)c([N+](=O)[O-])c2)nc1,Cc1ccc(/C(C#N)=C/c2cc(O)c(O)c([N+](=O)[O-])c2)nc1,1,active
N#C/C(=C(/O)c1cc(O)c(O)c([N+](=O)[O-])c1)c1nccs1,N#C/C(=C(/O)c1cc(O)c(O)c([N+](=O)[O-])c1)c1nccs1,1,active
COc1cc(/C(O)=C(\C#N)C(=O)NCc2ccncn2)cc([N+](=O)[O-])c1O,COc1cc(/C(O)=C(\C#N)C(=O)NCc2ccncn2)cc([N+](=O)[O-])c1O,1,active
N#C/C(C(=O)N1CCCOC1)=C(/O)c1cc(O)c(O)c([N+](=O)[O-])c1,N#C/C(C(=O)N1CCCOC1)=C(/O)c1cc(O)c(O)c([N+](=O)[O-])c1,1,active
N#C/C(=C\c1cc(O)c(O)c([N+](=O)[O-])c1)c1ccccn1,N#C/C(=C\c1cc(O)c(O)c([N+](=O)[O-])c1)c1ccccn1,1,active
N#C/C(=C\c1cc(O)c(O)c([N+](=O)[O-])c1)c1c[n+]([O-])ccn1,N#C/C(=C\c1cc(O)c(O)c([N+](=O)[O-])c1)c1c[n+]([O-])ccn1,1,active
CCN(CC)C(=O)/C(C#N)=C(\NC)c1cc(O)c(O)c([N+](=O)[O-])c1,CCN(CC)C(=O)/C(C#N)=C(\NC)c1cc(O)c(O)c([N+](=O)[O-])c1,1,active
N#C/C(C(=O)NCc1ccncn1)=C(/O)c1cc(O)c(O)c([N+](=O)[O-])c1,N#C/C(C(=O)NCc1ccncn1)=C(/O)c1cc(O)c(O)c([N+](=O)[O-])c1,1,active
N#C/C(C(=O)N1CCCCC1)=C(/O)c1cc(O)c(O)c([N+](=O)[O-])c1,N#C/C(C(=O)N1CCCCC1)=C(/O)c1cc(O)c(O)c([N+](=O)[O-])c1,1,active
N#C/C(=C\c1cc(O)c(O)c([N+](=O)[O-])c1)C(=O)NC1COC1,N#C/C(=C\c1cc(O)c(O)c([N+](=O)[O-])c1)C(=O)NC1COC1,1,active
CC(NC(=O)/C(C#N)=C/c1cc(O)c(O)c([N+](=O)[O-])c1)C(=O)O,CC(NC(=O)/C(C#N)=C/c1cc(O)c(O)c([N+](=O)[O-])c1)C(=O)O,1,active
N#C/C(=C\c1cc(O)c(O)c([N+](=O)[O-])c1)c1nc(C(=O)O)cs1,N#C/C(=C\c1cc(O)c(O)c([N+](=O)[O-])c1)c1nc(C(=O)O)cs1,1,active
N#C/C(=C\c1cc(O)c(O)c([N+](=O)[O-])c1)C(=O)N1CCCOC1,N#C/C(=C\c1cc(O)c(O)c([N+](=O)[O-])c1)C(=O)N1CCCOC1,1,active
N#C/C(=C\c1cc(O)c(O)c([N+](=O)[O-])c1)C(=O)c1cscn1,N#C/C(=C\c1cc(O)c(O)c([N+](=O)[O-])c1)C(=O)c1cscn1,1,active
N#C/C(C(=O)NC1CC1)=C(/O)c1cc(O)c(O)c([N+](=O)[O-])c1,N#C/C(C(=O)NC1CC1)=C(/O)c1cc(O)c(O)c([N+](=O)[O-])c1,1,active
c1ccc2c(CNCC3(N4CCCC4)COC3)c[nH]c2c1,c1ccc2c(CNCC3(N4CCCC4)COC3)c[nH]c2c1,1,active
N#C/C(=C\c1cc(O)c(O)c([N+](=O)[O-])c1)c1ccc[n+]([O-])c1,N#C/C(=C\c1cc(O)c(O)c([N+](=O)[O-])c1)c1ccc[n+]([O-])c1,1,active
CCNC(=O)/C(C#N)=C(\N)c1cc(O)c(O)c([N+](=O)[O-])c1,CCNC(=O)/C(C#N)=C(\N)c1cc(O)c(O)c([N+](=O)[O-])c1,1,active
N#C/C(=C\c1cc(O)c(O)c([N+](=O)[O-])c1)C(=O)Nc1nccs1,N#C/C(=C\c1cc(O)c(O)c([N+](=O)[O-])c1)C(=O)Nc1nccs1,1,active
N#C/C(=C\c1cc(O)c(O)c([N+](=O)[O-])c1)C(=O)NCc1ccccc1,N#C/C(=C\c1cc(O)c(O)c([N+](=O)[O-])c1)C(=O)NCc1ccccc1,1,active
Cc1noc(C)c1-c1cc(Cl)c(Nc2ccc(F)cc2C(=O)O)c(Cl)c1,Cc1noc(C)c1-c1cc(Cl)c(Nc2ccc(F)cc2C(=O)O)c(Cl)c1,1,active
Cc1cccc2[nH]cc(CNCC3(N4CCCC4)COC3)c12,Cc1cccc2[nH]cc(CNCC3(N4CCCC4)COC3)c12,1,active
Cc1ccc(O)c(/N=N/c2ccccc2)c1,Cc1ccc(O)c(/N=N/c2ccccc2)c1,1,active
Cc1n[nH]c(C)c1-c1cc(Cl)c(Nc2ccccc2C(=O)O)c(Cl)c1,Cc1n[nH]c(C)c1-c1cc(Cl)c(Nc2ccccc2C(=O)O)c(Cl)c1,1,active
O=C(NNc1ccccc1)c1cnc2ccccc2n1,O=C(NNc1ccccc1)c1cnc2ccccc2n1,1,active
N#C/C(=C\c1cc(O)c(O)c([N+](=O)[O-])c1)C(=O)N1CCCCC1,N#C/C(=C\c1cc(O)c(O)c([N+](=O)[O-])c1)C(=O)N1CCCCC1,1,active
O=C(O)c1ccc(-c2cc(Cl)c(Nc3ccccc3C(=O)O)c(Cl)c2)s1,O=C(O)c1ccc(-c2cc(Cl)c(Nc3ccccc3C(=O)O)c(Cl)c2)s1,1,active
O=C1c2ccc(NCCNCCO)c(NCCNCCO)c2C(=O)c2c(O)ccc(O)c21,O=C1c2ccc(NCCNCCO)c(NCCNCCO)c2C(=O)c2c(O)ccc(O)c21,1,active
Nc1sc(-c2cncnc2)c2c1C(=O)c1ccccc1-2,Nc1sc(c2-c3ccccc3C(=O)c12)-c1cncnc1,1,active
CCOc1nc2ccccc2nc1C(=O)Nc1ccc(N(CC)CC)cc1,CCOc1nc2ccccc2nc1C(=O)Nc1ccc(cc1)N(CC)CC,1,active
Cc1cccc2c3ccccc3n(C)c12,Cc1cccc2c3ccccc3n(C)c12,1,active
O=C(NC(c1ccccc1)c1ccccc1)c1ccc(-c2ccccc2)s1,O=C(NC(c1ccccc1)c1ccccc1)c1ccc(s1)-c1ccccc1,1,active
CN1CC[C@]2(C)c3cc(O)ccc3N(C)C12,CN1CC[C@]2(C)c3cc(O)ccc3N(C)C12,1,active
O=C(NC(c1ccccc1)c1ccccc1)c1csc(-c2ccccc2)n1,O=C(NC(c1ccccc1)c1ccccc1)c1csc(n1)-c1ccccc1,1,active
COc1ccc(-c2ccc(Cc3ccncc3C(=O)NNC(=O)/C=C/C(=O)O)cc2)cc1,COc1ccc(-c2ccc(Cc3ccncc3C(=O)NNC(=O)/C=C/C(=O)O)cc2)cc1,1,active
O=C(NC(c1ccccc1)c1ccccc1)c1ccc(-c2cccc3[nH]ccc23)s1,O=C(NC(c1ccccc1)c1ccccc1)c1ccc(s1)-c1cccc2[nH]ccc12,1,active
COc1ccc(-c2ccc(CNCC3(N4CCCC4)COC3)o2)cc1Cl,COc1ccc(-c2ccc(CNCC3(N4CCCC4)COC3)o2)cc1Cl,1,active
Fc1cccc2[nH]cc(CNCC3(N4CCCC4)COC3)c12,Fc1cccc2[nH]cc(CNCC3(N4CCCC4)COC3)c12,1,active
Clc1ccc(-c2ccc(CNCC3(N4CCCC4)COC3)o2)cc1Cl,Clc1ccc(-c2ccc(CNCC3(N4CCCC4)COC3)o2)cc1Cl,1,active
Cc1sc2ccccc2c1CC1=NCCN1,Cc1sc2ccccc2c1CC1=NCCN1,1,active
O=C(NCc1ccccc1)c1cnc2ccccc2n1,O=C(NCc1ccccc1)c1cnc2ccccc2n1,1,active
CN(C)[C@@H]1C(O)=C(C(N)=O)C(=O)[C@@]2(O)C(O)=C3C(=O)c4c(O)ccc(Cl)c4[C@@H](O)[C@H]3C[C@@H]12,CN(C)[C@@H]1C(O)=C(C(N)=O)C(=O)[C@@]2(O)C(O)=C3C(=O)c4c(O)ccc(Cl)c4[C@@H](O)[C@H]3C[C@@H]12,1,active
O=C(Nc1ccccc1)c1cnc2ccccc2n1,O=C(Nc1ccccc1)c1cnc2ccccc2n1,1,active
CCc1cc(-c2c(C)noc2C)cc(CC)c1Nc1ccccc1C(=O)O,CCc1cc(-c2c(C)noc2C)cc(CC)c1Nc1ccccc1C(=O)O,1,active
O=C(O)/C=C/C(=O)NNC(=O)c1cnccc1Cc1cccc2ccccc12,O=C(O)/C=C/C(=O)NNC(=O)c1cnccc1Cc1cccc2ccccc12,1,active
NC(=O)C(CC1CCCCC1)NC(=O)c1ccc(-c2cccc3[nH]ccc23)s1,NC(=O)C(CC1CCCCC1)NC(=O)c1ccc(s1)-c1cccc2[nH]ccc12,1,active
O=C(O)CNC(=O)c1nc(Nc2ccc([N+](=O)[O-])cc2)ccc1O,O=C(O)CNC(=O)c1nc(Nc2ccc([N+](=O)[O-])cc2)ccc1O,1,active
Cc1ccc2[nH]cc(CNCC3(N4CCC(F)C4)COC3)c2c1,Cc1ccc2[nH]cc(CNCC3(N4CCC(F)C4)COC3)c2c1,1,active
Cc1noc(C)c1-c1cc(Cl)c(Nc2cccc(F)c2C(=O)O)c(Cl)c1,Cc1noc(C)c1-c1cc(Cl)c(Nc2cccc(F)c2C(=O)O)c(Cl)c1,1,active
N#CSc1ccc2oc(C3=NCCN3)cc2c1,N#CSc1ccc2oc(C3=NCCN3)cc2c1,1,active
O=C(O)c1ccccc1Nc1c(Cl)cc(-c2cnoc2)cc1Cl,O=C(O)c1ccccc1Nc1c(Cl)cc(-c2cnoc2)cc1Cl,1,active
O=C(O)/C=C/C(=O)NNC(=O)c1cnccc1Cc1ccc2ccccc2c1,O=C(O)/C=C/C(=O)NNC(=O)c1cnccc1Cc1ccc2ccccc2c1,1,active
COc1ccc2ncc(CNCC3(N4CCCC4)COC3)cc2c1,COc1ccc2ncc(CNCC3(N4CCCC4)COC3)cc2c1,1,active
COc1ccc2nc(Cl)c(CNCC3(N4CCCC4)COC3)cc2c1,COc1ccc2nc(Cl)c(CNCC3(COC3)N3CCCC3)cc2c1,1,active
CC(C)CC(NC(=O)c1ccc(-c2cccc(O)c2)cc1)C(N)=O,CC(C)CC(NC(=O)c1ccc(cc1)-c1cccc(O)c1)C(N)=O,1,active
Nc1c2c(nc3ccccc13)CCCC2,Nc1c2c(nc3ccccc13)CCCC2,1,active
O=C(O)/C=C/C(=O)Nc1ccc2c(c1)C(=O)OC21c2ccc(O)cc2Oc2cc(O)ccc21,O=C(O)/C=C/C(=O)Nc1ccc2c(c1)C(=O)OC21c2ccc(O)cc2Oc2cc(O)ccc21,1,active
Cc1c(Cl)cccc1NC(=O)c1cnc2ccccc2n1,Cc1c(Cl)cccc1NC(=O)c1cnc2ccccc2n1,1,active
Cc1cc(-c2c(C)noc2C)cc(C)c1Nc1ccccc1C(=O)O,Cc1cc(-c2c(C)noc2C)cc(C)c1Nc1ccccc1C(=O)O,1,active
FC(F)(F)c1ccc(Cl)c(-c2ccc(CNCC3(N4CCCC4)COC3)o2)c1,FC(F)(F)c1ccc(Cl)c(-c2ccc(CNCC3(N4CCCC4)COC3)o2)c1,1,active
FC1CCN(C2(CNCc3ccc(-c4ccccc4)o3)COC2)C1,FC1CCN(C2(CNCc3ccc(-c4ccccc4)o3)COC2)C1,1,active
FC1CCN(C2(CNCC3CCC(c4ccccc4)O3)COC2)C1,FC1CCN(C1)C1(CNCC2CCC(O2)c2ccccc2)COC1,1,active
FC1CCN(C2(CNCc3c[nH]c4ccccc34)COC2)C1,FC1CCN(C2(CNCc3c[nH]c4ccccc34)COC2)C1,1,active
CC(C)(C)c1ccc(Cc2ccncc2C(=O)NNC(=O)/C=C/C(=O)O)cc1,CC(C)(C)c1ccc(Cc2ccncc2C(=O)NNC(=O)/C=C/C(=O)O)cc1,1,active
N#Cc1cccc(-c2ccc(C(=O)NC(c3ccccc3)c3ccccc3)s2)c1,O=C(NC(c1ccccc1)c1ccccc1)c1ccc(s1)-c1cccc(c1)C#N,1,active
N=C1Sc2ccccc2C2=NCCCN12,N=C1Sc2ccccc2C2=NCCCN12,1,active
COc1ncc(-c2ccc3cc(O)ccc3c2)cn1,COc1ncc(cn1)-c1ccc2cc(O)ccc2c1,1,active
Fc1cccc2c(CNCC3(N4CCCC4)COC3)c[nH]c12,Fc1cccc2c(CNCC3(N4CCCC4)COC3)c[nH]c12,1,active
COc1cccc(Nc2c(Cl)cc(-c3c(C)noc3C)cc2Cl)c1C(=O)O,COc1cccc(Nc2c(Cl)cc(-c3c(C)noc3C)cc2Cl)c1C(=O)O,1,active
C#CCCC1(CCC(=O)Nc2ccc3c(c2)C(=O)OC32c3ccc(O)cc3Oc3cc(O)ccc32)NN1,C#CCCC1(CCC(=O)Nc2ccc3c(c2)C(=O)OC32c3ccc(O)cc3Oc3cc(O)ccc32)NN1,1,active
O=C(Nc1cccc(Cl)c1)c1cnc2ccccc2n1,Clc1cccc(NC(=O)c2cnc3ccccc3n2)c1,1,active
Cc1noc(C)c1-c1cc(Cl)c(Nc2cccc(CN3CCCOCC3)c2C(=O)O)c(C2CC2)c1,Cc1noc(C)c1-c1cc(Cl)c(Nc2cccc(CN3CCCOCC3)c2C(=O)O)c(C2CC2)c1,1,active
O=C(O)c1ccccc1Nc1c(Cl)cc(-c2cc(O)cc(O)c2)cc1Cl,O=C(O)c1ccccc1Nc1c(Cl)cc(-c2cc(O)cc(O)c2)cc1Cl,1,active
Cn1cc(-c2cc(-c3cc(Cl)cc(OCc4ocnc4C(F)(F)F)c3)c(=O)n(-c3cccnc3)c2)c(=O)[nH]c1=O,Cn1cc(-c2cc(-c3cc(Cl)cc(OCc4ocnc4C(F)(F)F)c3)c(=O)n(c2)-c2cccnc2)c(=O)[nH]c1=O,1,active
Cc1cccc2c(CNCC3(N4CCCC4)COC3)c[nH]c12,Cc1cccc2c(CNCC3(N4CCCC4)COC3)c[nH]c12,1,active
O=c1c(O)c(-c2ccc(O)cc2O)oc2cc(O)cc(O)c12,O=c1c(O)c(-c2ccc(O)cc2O)oc2cc(O)cc(O)c12,1,active
O=C(O)c1ccnc(C(=O)NS(=O)(=O)c2ccc(C(F)(F)F)cc2)c1,O=C(O)c1ccnc(C(=O)NS(=O)(=O)c2ccc(C(F)(F)F)cc2)c1,1,active
O=C(O)c1c(CN2CCCOCC2)cccc1Nc1c(C2CC2)cc(-c2ccncc2)cc1C1CC1,O=C(O)c1c(CN2CCCOCC2)cccc1Nc1c(C2CC2)cc(-c2ccncc2)cc1C1CC1,1,active
CC(C)Cc1ccc(C(C)C(=O)C2SCCCS2)cc1,CC(C)Cc1ccc(cc1)C(C)C(=O)C1SCCCS1,1,active
N/C(=N\C(=O)c1nc(Cl)c(N)nc1N)NCc1ccccc1,N/C(=N\C(=O)c1nc(Cl)c(N)nc1N)NCc1ccccc1,1,active
COc1ccc(NC(=O)c2cnc3ccccc3n2)cc1,COc1ccc(NC(=O)c2cnc3ccccc3n2)cc1,1,active
O=C(O)CNC(=O)c1nc(Cl)c2ccccc2c1O,O=C(O)CNC(=O)c1nc(Cl)c2ccccc2c1O,1,active
Cc1ccc2c(CNCC3(N4CCCC4)COC3)c[nH]c2c1,Cc1ccc2c(CNCC3(N4CCCC4)COC3)c[nH]c2c1,1,active
COc1cc2ncnc(Nc3cccc(Cl)c3)c2cc1OC,COc1cc2ncnc(Nc3cccc(Cl)c3)c2cc1OC,1,active
O=C(O)/C=C/C(=O)NNC(=O)c1cnccc1Cc1ccc(C(F)(F)F)cc1,O=C(O)/C=C/C(=O)NNC(=O)c1cnccc1Cc1ccc(C(F)(F)F)cc1,1,active
O=C(NC(c1ccccc1)c1ccccc1)c1ccc(-c2cccc(CO)c2)s1,OCc1cccc(c1)-c1ccc(s1)C(=O)NC(c1ccccc1)c1ccccc1,1,active
O=C1OC2(c3ccc(O)cc3Oc3cc(O)ccc32)c2ccccc21,O=C1OC2(c3ccc(O)cc3Oc3cc(O)ccc32)c2ccccc21,1,active
O=C(O)c1ccc(O)c2ncccc12,O=C(O)c1ccc(O)c2ncccc12,1,active
CN1CC(=O)N=C1NC(=O)Nc1cccc(Cl)c1,CN1CC(=O)N=C1NC(=O)Nc1cccc(Cl)c1,1,active
Cc1noc(C)c1-c1cc(Cl)c(Nc2cc(F)c(F)cc2C(=O)O)c(Cl)c1,Cc1noc(C)c1-c1cc(Cl)c(Nc2cc(F)c(F)cc2C(=O)O)c(Cl)c1,1,active
COc1ncc(-c2ccc3nc(N)sc3c2)cn1,COc1ncc(-c2ccc3nc(N)sc3c2)cn1,1,active
CCN(CC)C(=O)/C(C#N)=C/c1cc(O)c(O)c([N+](=O)[O-])c1,CCN(CC)C(=O)/C(C#N)=C/c1cc(O)c(O)c([N+](=O)[O-])c1,1,active
O=C1OC2(c3ccc([O-])cc3Oc3cc([O-])ccc32)c2ccccc21.[Na+].[Na+],O=C1OC2(c3ccc([O-])cc3Oc3cc([O-])ccc32)c2ccccc21.[Na+].[Na+],1,active
CC(=O)c1cccc(NC(=O)c2cnc3ccccc3n2)c1,CC(=O)c1cccc(NC(=O)c2cnc3ccccc3n2)c1,1,active
Cc1ccc(C)c(S(=O)(=O)NC(=O)c2cc(C(=O)O)ccn2)c1,Cc1ccc(C)c(S(=O)(=O)NC(=O)c2cc(C(=O)O)ccn2)c1,1,active
Cc1n[nH]c(C)c1-c1cc(Cl)c(Nc2cccc(CN3CCCOCC3)c2C(=O)O)c(Cl)c1,Cc1n[nH]c(C)c1-c1cc(Cl)c(Nc2cccc(CN3CCCOCC3)c2C(=O)O)c(Cl)c1,1,active
O=C(O)CNC(=O)c1nc(-c2cccc3ccccc23)ccc1O,O=C(O)CNC(=O)c1nc(-c2cccc3ccccc23)ccc1O,1,active
FC1CCN(C2(CNCc3ccc(-c4ccccc4Cl)o3)COC2)C1,FC1CCN(C2(CNCc3ccc(-c4ccccc4Cl)o3)COC2)C1,1,active
CC(C(=O)C1SCCCS1)c1ccccc1,CC(C(=O)C1SCCCS1)c1ccccc1,1,active
N#CSc1ccc2c(c1)C(=O)OC21c2ccc(O)cc2Oc2cc(O)ccc21,N#CSc1ccc2c(c1)C(=O)OC21c2ccc(O)cc2Oc2cc(O)ccc21,1,active
O=C(Nc1nc2ccccc2s1)c1cnc2ccccc2n1,O=C(Nc1nc2ccccc2s1)c1cnc2ccccc2n1,1,active
FC(F)(F)c1cccc(CNCC2(N3CCCC3)COC2)c1,FC(F)(F)c1cccc(CNCC2(N3CCCC3)COC2)c1,1,active
CC1(CCCNC(=O)/C=C\C(=O)Nc2ccc3c(c2)C(=O)OC32c3ccc(O)cc3Oc3cc(O)ccc32)NN1,CC1(CCCNC(=O)/C=C\C(=O)Nc2ccc3c(c2)C(=O)OC32c3ccc(O)cc3Oc3cc(O)ccc32)NN1,1,active
O=C(NC1CCCC1)c1cnc2ccccc2n1,O=C(NC1CCCC1)c1cnc2ccccc2n1,1,active
CN(C)CCN1C(=O)c2cccc3cc(NC(=O)c4ccccn4)cc(c23)C1=O,CN(C)CCN1C(=O)c2cccc3cc(NC(=O)c4ccccn4)cc(c23)C1=O,1,active
Cc1cc(O)c2c(c1)C(=O)c1cc(O)cc(O)c1C2=O,Cc1cc(O)c2c(c1)C(=O)c1cc(O)cc(O)c1C2=O,1,active
Cc1ccc(S(=O)(=O)NC(=O)c2cc(C(=O)O)ccn2)cc1,Cc1ccc(S(=O)(=O)NC(=O)c2cc(C(=O)O)ccn2)cc1,1,active
O=C(O)c1ccccc1Nc1c(Cl)cc(-c2ccncc2)cc1Cl,O=C(O)c1ccccc1Nc1c(Cl)cc(-c2ccncc2)cc1Cl,1,active
CC(C)Cc1ccc(C(C)C(=O)CCl)cc1,CC(C)Cc1ccc(cc1)C(C)C(=O)CCl,1,active
N=C(N)NC(=O)c1nc(Cl)c(N)nc1N,N=C(N)NC(=O)c1nc(Cl)c(N)nc1N,1,active
C=CC(=O)Nc1ccc2c(c1)C(=O)OC21c2ccc(O)cc2Oc2cc(O)ccc21,C=CC(=O)Nc1ccc2c(c1)C(=O)OC21c2ccc(O)cc2Oc2cc(O)ccc21,1,active
O=C(Nc1ccc(NC(=O)c2cnc3ccccc3n2)cc1)c1ccccc1,O=C(Nc1ccc(NC(=O)c2cnc3ccccc3n2)cc1)c1ccccc1,1,active
CS(=O)(=O)NC1OC(c2ccc(Cl)cc2)C(O)C1O,CS(=O)(=O)NC1OC(c2ccc(Cl)cc2)C(O)C1O,1,active
CCOc1nc2ccccc2nc1C(=O)N1CCN(C)CC1,CCOc1nc2ccccc2nc1C(=O)N1CCN(C)CC1,1,active
O=C(Nc1cc(Cl)c(O)cc1O)C1(c2ccccc2)CCC1,O=C(Nc1cc(Cl)c(O)cc1O)C1(c2ccccc2)CCC1,1,active
Oc1nc2cc(Cl)c(Cl)cc2nc1O,Oc1nc2cc(Cl)c(Cl)cc2nc1O,1,active
Cc1ccc(NC(=O)c2cnc3ccccc3n2)cc1,Cc1ccc(NC(=O)c2cnc3ccccc3n2)cc1,1,active
Cc1cc(C)c(S(=O)(=O)NC(=O)c2cc(C(=O)O)ccn2)c(C)c1,Cc1cc(C)c(S(=O)(=O)NC(=O)c2cc(C(=O)O)ccn2)c(C)c1,1,active
Cc1cccc(NC(=O)C(C)c2ccc(CC(C)C)cc2)n1,CC(C)Cc1ccc(cc1)C(C)C(=O)Nc1cccc(C)n1,1,active
CNCCN1C(=O)c2cccc3cc([N+](=O)[O-])cc(c23)C1=O,CNCCN1C(=O)c2cccc3cc([N+](=O)[O-])cc(c23)C1=O,1,active
Cc1cccc(S(=O)(=O)NC(=O)c2cc(C(=O)O)ccn2)c1,Cc1cccc(S(=O)(=O)NC(=O)c2cc(C(=O)O)ccn2)c1,1,active
COC(=O)c1ccc(Nc2ccc(O)c(C(=O)NCC(=O)O)n2)cc1,COC(=O)c1ccc(Nc2ccc(O)c(C(=O)NCC(=O)O)n2)cc1,1,active
CC(C)Cc1ccc(C(C)C(=O)CN=O)cc1,CC(C)Cc1ccc(cc1)C(C)C(=O)CN=O,1,active
O=C(O)c1ccc(-c2cc3ncc(C(=O)c4cc([N+](=O)[O-])ccc4O)cn3n2)cc1,O=C(O)c1ccc(-c2cc3ncc(C(=O)c4cc([N+](=O)[O-])ccc4O)cn3n2)cc1,1,active
Cc1noc(C)c1-c1cc(Cl)c(Nc2cccc(CN3CCCOCC3)c2C(=O)O)c(C(F)(F)F)c1,Cc1noc(C)c1-c1cc(Cl)c(Nc2cccc(CN3CCCOCC3)c2C(=O)O)c(C(F)(F)F)c1,1,active
CNC(=O)c1ccc(Nc2ccc(O)c(C(=O)NCC(=O)O)n2)cc1,CNC(=O)c1ccc(Nc2ccc(O)c(C(=O)NCC(=O)O)n2)cc1,1,active
CCc1cc(-c2ccncc2)cc(CC)c1Nc1cccc(CN(CCOC)CCOC)c1C(=O)O,CCc1cc(-c2ccncc2)cc(CC)c1Nc1cccc(CN(CCOC)CCOC)c1C(=O)O,1,active
O=[N+]([O-])c1cc(S(=O)(=O)NCC2CCOCC2)ccc1Cl,[O-][N+](=O)c1cc(ccc1Cl)S(=O)(=O)NCC1CCOCC1,1,active
CCc1cc(-c2ccncc2)cc(CC)c1Nc1cccc(Cn2ccnc2)c1C(=O)O,CCc1cc(-c2ccncc2)cc(CC)c1Nc1cccc(Cn2ccnc2)c1C(=O)O,1,active
Cc1cc(-c2cc(Cl)c(Nc3ccccc3C(=O)O)c(Cl)c2)ccn1,Cc1cc(-c2cc(Cl)c(Nc3ccccc3C(=O)O)c(Cl)c2)ccn1,1,active
Nc1ccc2c(c1)C(=O)OC21c2ccc(O)cc2Oc2cc(O)ccc21,Nc1ccc2c(c1)C(=O)OC21c2ccc(O)cc2Oc2cc(O)ccc21,1,active
O=C(Nc1cccc([N+](=O)[O-])c1)c1cnc2ccccc2n1,[O-][N+](=O)c1cccc(NC(=O)c2cnc3ccccc3n2)c1,1,active
CC(=O)Nc1ccc2c(c1)C(=O)OC21c2ccc(O)cc2Oc2cc(O)ccc21,CC(=O)Nc1ccc2c(c1)C(=O)OC21c2ccc(O)cc2Oc2cc(O)ccc21,1,active
CCCNC(=O)c1cnc2ccccc2n1,CCCNC(=O)c1cnc2ccccc2n1,1,active
O=C(Nc1ccc2c(c1)C(=O)OC21c2ccc(O)cc2Oc2cc(O)ccc21)c1ccccc1,O=C(Nc1ccc2c(c1)C(=O)OC21c2ccc(O)cc2Oc2cc(O)ccc21)c1ccccc1,1,active
CCCCNC(=O)c1cnc2ccccc2n1,CCCCNC(=O)c1cnc2ccccc2n1,1,active
CCc1cc(-c2ccncc2)cc(CC)c1Nc1cccc(CN(CC)CCN2CCOCC2)c1C(=O)O,CCc1cc(-c2ccncc2)cc(CC)c1Nc1cccc(CN(CC)CCN2CCOCC2)c1C(=O)O,1,active
Nc1ccc(Nc2ccc(O)c(C(=O)NCC(=O)O)n2)nc1,Nc1ccc(Nc2ccc(O)c(C(=O)NCC(=O)O)n2)nc1,1,active
O=C(O)c1ccccc1Nc1c(Cl)cc(-c2ccn[nH]2)cc1Cl,O=C(O)c1ccccc1Nc1c(Cl)cc(-c2ccn[nH]2)cc1Cl,1,active
CCc1cc(-c2ccncc2)cc(CC)c1Nc1cccc(CN(CC)CC)c1C(=O)O,CCc1cc(-c2ccncc2)cc(CC)c1Nc1cccc(CN(CC)CC)c1C(=O)O,1,active
Cc1ccc(S(=O)(=O)NC(=O)c2cc(C(=O)O)ccn2)c(C)c1,Cc1ccc(S(=O)(=O)NC(=O)c2cc(C(=O)O)ccn2)c(C)c1,1,active
O=C(Cc1ccccc1)C1SCCCS1,O=C(Cc1ccccc1)C1SCCCS1,1,active
O=C(O)c1ccnc(C(=O)O)c1,O=C(O)c1ccnc(C(=O)O)c1,1,active
O=C(c1cnc2cc(-c3ccc(Cl)cc3)nn2c1)c1c(O)ccc([N+](=O)[O-])c1O,O=C(c1cnc2cc(-c3ccc(Cl)cc3)nn2c1)c1c(O)ccc([N+](=O)[O-])c1O,1,active
CCS(=O)(=O)NC1OC(c2ccc(Cl)cc2)C(O)C1O,CCS(=O)(=O)NC1OC(c2ccc(Cl)cc2)C(O)C1O,1,active
CCOc1nc2ccccc2nc1C(=O)N1CCN(Cc2ccccc2)CC1,CCOc1nc2ccccc2nc1C(=O)N1CCN(Cc2ccccc2)CC1,1,active
O=C(O)c1ccc2c(c1O)C(=O)c1c(O)cccc1C2=O,O=C(O)c1ccc2c(c1O)C(=O)c1c(O)cccc1C2=O,1,active
O=C(O)c1ccnc(C(=O)NS(=O)(=O)c2ccccc2[N+](=O)[O-])c1,O=C(O)c1ccnc(C(=O)NS(=O)(=O)c2ccccc2[N+](=O)[O-])c1,1,active
Cc1nc(C(=O)NCC(=O)O)c(O)c2ccc(Oc3ccccc3)cc12,Cc1nc(C(=O)NCC(=O)O)c(O)c2ccc(Oc3ccccc3)cc12,1,active
Cc1noc(C)c1-c1cc(Cl)c(Nc2ccccc2C(=O)NO)c(Cl)c1,Cc1noc(C)c1-c1cc(Cl)c(Nc2ccccc2C(=O)NO)c(Cl)c1,1,active
Cc1noc(C)c1-c1cc(Cl)c(Nc2ccccc2-c2noc(=O)[nH]2)c(Cl)c1,Cc1noc(C)c1-c1cc(Cl)c(Nc2ccccc2-c2noc(=O)[nH]2)c(Cl)c1,1,active
Cc1noc(C)c1-c1cc(Cl)c(Nc2ccccc2C(=O)[O-])c(Cl)c1,Cc1noc(C)c1-c1cc(Cl)c(Nc2ccccc2C([O-])=O)c(Cl)c1,1,active
Cc1n[nH]c(C)c1-c1cc(Cl)c(Nc2ccccc2C(=O)NO)c(Cl)c1,Cc1n[nH]c(C)c1-c1cc(Cl)c(Nc2ccccc2C(=O)NO)c(Cl)c1,1,active
O=C(NO)c1ccccc1Nc1c(Cl)cc(-c2cn[nH]c2)cc1Cl,ONC(=O)c1ccccc1Nc1c(Cl)cc(cc1Cl)-c1cn[nH]c1,1,active
Cc1noc(C)c1-c1cc(F)c(Nc2ccccc2C(=O)O)c(F)c1,Cc1noc(C)c1-c1cc(F)c(Nc2ccccc2C(O)=O)c(F)c1,1,active
Cc1noc(C)c1-c1cc(F)c(Nc2ccccc2C(=O)NO)c(F)c1,Cc1noc(C)c1-c1cc(F)c(Nc2ccccc2C(=O)NO)c(F)c1,1,active
Cn1cc(-c2cc(-c3cc(Cl)cc(OCc4scnc4C(F)(F)F)c3)c(=O)n(-c3cccnc3)c2)c(=O)[nH]c1=O,Cn1cc(-c2cc(-c3cc(Cl)cc(OCc4scnc4C(F)(F)F)c3)c(=O)n(c2)-c2cccnc2)c(=O)[nH]c1=O,1,active
Cc1n[nH]cc1-c1cc(Cl)c(Nc2ccccc2C(=O)NO)c(Cl)c1,Cc1n[nH]cc1-c1cc(Cl)c(Nc2ccccc2C(=O)NO)c(Cl)c1,1,active
Cc1cc(-c2cn[nH]c2)c(C)cc1Nc1ccccc1C(=O)O,Cc1cc(-c2cn[nH]c2)c(C)cc1Nc1ccccc1C(O)=O,1,active
O=C(O)c1ccccc1Nc1c(Cl)cc(N2CCOCC2)cc1Cl,OC(=O)c1ccccc1Nc1c(Cl)cc(cc1Cl)N1CCOCC1,1,active
O=C(O)c1cc(O)c2c(c1)C(=O)c1cccc(O)c1C2=O,O=C(O)c1cc(O)c2c(c1)C(=O)c1cccc(O)c1C2=O,0,assay_inactive
NS(=O)(=O)c1ccc(O)c2ncccc12,NS(=O)(=O)c1ccc(O)c2ncccc12,0,assay_inactive
O=S(=O)(Nc1ccccc1N1CCCCC1)c1ccc(OC(F)(F)F)cc1,FC(F)(F)Oc1ccc(cc1)S(=O)(=O)Nc1ccccc1N1CCCCC1,0,assay_inactive
Clc1ccc2[nH]c(-c3ccccc3)nc2c1,Clc1ccc2[nH]c(-c3ccccc3)nc2c1,0,assay_inactive
CCOc1nc2ccccc2nc1C(=O)NCCN(C)C,CCOc1nc2ccccc2nc1C(=O)NCCN(C)C,0,assay_inactive
O=C(O)c1cc(O)n(-c2cccc(C(F)(F)F)c2)n1,O=C(O)c1cc(O)n(-c2cccc(C(F)(F)F)c2)n1,0,assay_inactive
O=C(O)CNC(=O)c1nc(-c2cccc3ncccc23)ccc1O,O=C(O)CNC(=O)c1nc(-c2cccc3ncccc23)ccc1O,0,assay_inactive
O=C(O)CNC(=O)c1nc(Nc2ccc3ccccc3c2)ccc1O,O=C(O)CNC(=O)c1nc(Nc2ccc3ccccc3c2)ccc1O,0,assay_inactive
O=C(O)c1ccnc(C(=O)NS(=O)(=O)c2ccccc2)c1,O=C(O)c1ccnc(C(=O)NS(=O)(=O)c2ccccc2)c1,0,assay_inactive
CON(C)C(=O)C(C)c1ccc(CC(C)C)cc1,CON(C)C(=O)C(C)c1ccc(CC(C)C)cc1,0,assay_inactive
O=S(=O)(Nc1ccc(F)c(Cl)c1)c1ccc(OC(F)(F)F)cc1,Fc1ccc(NS(=O)(=O)c2ccc(OC(F)(F)F)cc2)cc1Cl,0,assay_inactive
COC(=O)c1cc(O)c2[nH]c3ccccc3c2c1,COC(=O)c1cc(O)c2[nH]c3ccccc3c2c1,0,assay_inactive
CCOc1nc2ccccc2nc1C(=O)N1CCN(c2cccc(C(F)(F)F)c2)CC1,CCOc1nc2ccccc2nc1C(=O)N1CCN(CC1)c1cccc(c1)C(F)(F)F,0,assay_inactive
O=C(O)c1ccccc1Nc1c(Cl)cc(-c2ccc3ccccc3c2)cc1Cl,O=C(O)c1ccccc1Nc1c(Cl)cc(-c2ccc3ccccc3c2)cc1Cl,0,assay_inactive
O=C(O)c1ccccc1Nc1c(Cl)cc(C2=CCNCC2)cc1Cl,O=C(O)c1ccccc1Nc1c(Cl)cc(C2=CCNCC2)cc1Cl,0,assay_inactive
O=C(O)c1ccccc1Nc1c(Cl)cc(-c2cnc[nH]2)cc1Cl,O=C(O)c1ccccc1Nc1c(Cl)cc(-c2cnc[nH]2)cc1Cl,0,assay_inactive
O=C(O)c1ccccc1Nc1c(Cl)cc(-c2ccccc2)cc1Cl,O=C(O)c1ccccc1Nc1c(Cl)cc(-c2ccccc2)cc1Cl,0,assay_inactive
Cc1cc(C)n(-c2cc(Cl)c(Nc3ccccc3C(=O)O)c(Cl)c2)n1,Cc1cc(C)n(-c2cc(Cl)c(Nc3ccccc3C(=O)O)c(Cl)c2)n1,0,assay_inactive
Cc1noc(C)c1-c1cc(Cl)c(Nc2ccccc2C(=O)OCc2ccccc2)c(Cl)c1,Cc1noc(C)c1-c1cc(Cl)c(Nc2ccccc2C(=O)OCc2ccccc2)c(Cl)c1,0,assay_inactive
Cc1noc(C)c1-c1cc(Cl)c(Nc2ccccc2C(N)=O)c(Cl)c1,Cc1noc(C)c1-c1cc(Cl)c(Nc2ccccc2C(N)=O)c(Cl)c1,0,assay_inactive
Cc1cc(C)cc(-c2cc(Cl)c(Nc3ccccc3C(=O)O)c(Cl)c2)c1,Cc1cc(C)cc(-c2cc(Cl)c(Nc3ccccc3C(=O)O)c(Cl)c2)c1,0,assay_inactive
O=C(O)c1ccccc1Nc1c(Cl)cc(-c2cncnc2)cc1Cl,O=C(O)c1ccccc1Nc1c(Cl)cc(-c2cncnc2)cc1Cl,0,assay_inactive
Cn1cnc(-c2cc(Cl)c(Nc3ccccc3C(=O)O)c(Cl)c2)c1,Cn1cnc(-c2cc(Cl)c(Nc3ccccc3C(=O)O)c(Cl)c2)c1,0,assay_inactive
Cc1ccccc1-c1cc(Cl)c(Nc2ccccc2C(=O)O)c(Cl)c1,Cc1ccccc1-c1cc(Cl)c(Nc2ccccc2C(=O)O)c(Cl)c1,0,assay_inactive
Nc1ncc(-c2cc(Cl)c(Nc3ccccc3C(=O)O)c(Cl)c2)cn1,Nc1ncc(-c2cc(Cl)c(Nc3ccccc3C(=O)O)c(Cl)c2)cn1,0,assay_inactive
CCOC(=O)c1ccccc1Nc1c(Cl)cc(-c2c(C)noc2C)cc1Cl,CCOC(=O)c1ccccc1Nc1c(Cl)cc(-c2c(C)noc2C)cc1Cl,0,assay_inactive
O=C(O)c1ccccc1Nc1c(Cl)cc(-c2ccc(Cl)cc2)cc1Cl,O=C(O)c1ccccc1Nc1c(Cl)cc(-c2ccc(Cl)cc2)cc1Cl,0,assay_inactive
O=C(O)c1ccccc1Nc1c(Cl)cc(-c2cccc3[nH]ccc23)cc1Cl,O=C(O)c1ccccc1Nc1c(Cl)cc(-c2cccc3[nH]ccc23)cc1Cl,0,assay_inactive
O=C(O)c1ccccc1Nc1c(Cl)cc(-c2cccs2)cc1Cl,O=C(O)c1ccccc1Nc1c(Cl)cc(-c2cccs2)cc1Cl,0,assay_inactive
Cc1ccc(-c2cc(Cl)c(Nc3ccccc3C(=O)O)c(Cl)c2)cc1,Cc1ccc(-c2cc(Cl)c(Nc3ccccc3C(=O)O)c(Cl)c2)cc1,0,assay_inactive
CN(C)CCN1C(=O)c2cccc3cc([N+](=O)[O-])cc(c23)C1=O,CN(C)CCN1C(=O)c2cccc3cc([N+](=O)[O-])cc(c23)C1=O,0,assay_inactive
O=C(O)CNC(=O)c1nc(-c2ccccc2)ccc1O,O=C(O)CNC(=O)c1nc(-c2ccccc2)ccc1O,0,assay_inactive
O=C(O)c1ccnc(C(=O)NS(=O)(=O)c2ccccc2C(F)(F)F)c1,O=C(O)c1ccnc(C(=O)NS(=O)(=O)c2ccccc2C(F)(F)F)c1,0,assay_inactive
Nc1sc(-c2cncnc2)cc1C(=O)c1ccc(Cl)cc1,Nc1sc(cc1C(=O)c1ccc(Cl)cc1)-c1cncnc1,0,assay_inactive
O=C(N[C@H](Cc1ccccc1)C(=O)O)c1nc(Cl)c2ccccc2c1O,O=C(N[C@H](Cc1ccccc1)C(=O)O)c1nc(Cl)c2ccccc2c1O,0,assay_inactive
CC1(C)CC(C)(c2cc(Cl)c(O)cc2O)Oc2cc(O)c(Cl)cc21,CC1(C)CC(C)(c2cc(Cl)c(O)cc2O)Oc2cc(O)c(Cl)cc21,0,assay_inactive
COc1cc2c(cc1Cl)C(C)(C)CC(C)(c1cc(Cl)c(O)cc1O)O2,COc1cc2c(cc1Cl)C(C)(C)CC(C)(c1cc(Cl)c(O)cc1O)O2,0,assay_inactive
O=C(Nc1ccccc1NC(=O)c1cnc2ccccc2n1)c1ccccc1,O=C(Nc1ccccc1NC(=O)c1cnc2ccccc2n1)c1ccccc1,0,assay_inactive
O=C(O)CNC(=O)c1ncc(-c2ccc3ccccc3c2)cc1O,O=C(O)CNC(=O)c1ncc(-c2ccc3ccccc3c2)cc1O,0,assay_inactive
O=C(O)CNC(=O)C(=O)O,O=C(O)CNC(=O)C(=O)O,0,assay_inactive
CN(C)C(=O)c1ccc(Nc2ccc(O)c(C(=O)NCC(=O)O)n2)cc1,CN(C)C(=O)c1ccc(Nc2ccc(O)c(C(=O)NCC(=O)O)n2)cc1,0,assay_inactive
O=S(=O)(NCCCN1c2ccccc2CCc2ccccc21)c1ccc(OC(F)(F)F)cc1,FC(F)(F)Oc1ccc(cc1)S(=O)(=O)NCCCN1c2ccccc2CCc2ccccc12,0,assay_inactive
C[C@@H](NC(=O)c1nc(Cl)c2ccccc2c1O)C(=O)O,C[C@@H](NC(=O)c1nc(Cl)c2ccccc2c1O)C(=O)O,0,assay_inactive
Nc1ccc(Nc2ccc(O)c(C(=O)NCC(=O)O)n2)cc1,Nc1ccc(Nc2ccc(O)c(C(=O)NCC(=O)O)n2)cc1,0,assay_inactive
O=C(c1cnc2cc(-c3ccccc3)nn2c1)c1cc([N+](=O)[O-])ccc1O,O=C(c1cnc2cc(-c3ccccc3)nn2c1)c1cc([N+](=O)[O-])ccc1O,0,assay_inactive
Nc1c(S(=O)(=O)[O-])cc(Br)c2c1C(=O)c1ccc(S(=O)(=O)[O-])cc1C2=O.[Na+].[Na+],Nc1c(S(=O)(=O)[O-])cc(Br)c2c1C(=O)c1ccc(S(=O)(=O)[O-])cc1C2=O.[Na+].[Na+],0,assay_inactive
Nc1sc(-c2ccccc2)cc1C(=O)c1ccccc1,Nc1sc(cc1C(=O)c1ccccc1)-c1ccccc1,0,assay_inactive
Nc1c(S(=O)(=O)[O-])cc(Br)c2c1C(=O)c1ccccc1C2=O.[Na+],Nc1c(S(=O)(=O)[O-])cc(Br)c2c1C(=O)c1ccccc1C2=O.[Na+],0,assay_inactive
Nc1c(S(=O)(=O)[O-])cc(Br)c2c1C(=O)c1ccccc1C2=O,Nc1c2C(=O)c3ccccc3C(=O)c2c(Br)cc1S([O-])(=O)=O,0,assay_inactive
O=C(N[C@@H](Cc1ccccc1)C(=O)O)c1nc(Cl)c2ccccc2c1O,O=C(N[C@@H](Cc1ccccc1)C(=O)O)c1nc(Cl)c2ccccc2c1O,0,assay_inactive
O=C(N[C@@H](CSCc1ccc2ccccc2c1)C(=O)O)c1ncccc1O,O=C(N[C@@H](CSCc1ccc2ccccc2c1)C(=O)O)c1ncccc1O,0,assay_inactive
O=C(O)CNC(=O)c1ncc(-c2ccc3cc(O)ccc3c2)cc1O,O=C(O)CNC(=O)c1ncc(-c2ccc3cc(O)ccc3c2)cc1O,0,assay_inactive
Cc1ccccc1S(=O)(=O)NC(=O)c1cc(C(=O)O)ccn1,Cc1ccccc1S(=O)(=O)NC(=O)c1cc(C(=O)O)ccn1,0,assay_inactive
CC(C)Cc1ccc(C(C)C(=O)C[N+](=O)[O-])cc1,CC(C)Cc1ccc(cc1)C(C)C(=O)C[N+]([O-])=O,0,assay_inactive
C[C@H](NC(=O)c1nc(Cl)c2ccccc2c1O)C(=O)O,C[C@H](NC(=O)c1nc(Cl)c2ccccc2c1O)C(=O)O,0,assay_inactive
O=C(O)/C=C/C(=O)NNC(=O)c1ccc(-c2ccccc2Oc2ccccc2)cn1,O=C(O)/C=C/C(=O)NNC(=O)c1ccc(-c2ccccc2Oc2ccccc2)cn1,0,assay_inactive
CC(C)[C@@H](NC(=O)c1nc(Cl)c2ccccc2c1O)C(=O)O,CC(C)[C@@H](NC(=O)c1nc(Cl)c2ccccc2c1O)C(=O)O,0,assay_inactive
O=C(O)C=CC(=O)NNC(=O)c1ccc(-c2ccccc2Oc2ccccc2)cn1,OC(=O)C=CC(=O)NNC(=O)c1ccc(cn1)-c1ccccc1Oc1ccccc1,0,assay_inactive
O=C(O)/C=C/C(=O)O,O=C(O)/C=C/C(=O)O,0,assay_inactive
CC(C)[C@H](NC(=O)c1nc(Cl)c2ccccc2c1O)C(=O)O,CC(C)[C@H](NC(=O)c1nc(Cl)c2ccccc2c1O)C(=O)O,0,assay_inactive
COC(=O)c1ccc(-c2cc3ncc(C(=O)c4cc([N+](=O)[O-])ccc4O)cn3n2)cc1,COC(=O)c1ccc(-c2cc3ncc(C(=O)c4cc([N+](=O)[O-])ccc4O)cn3n2)cc1,0,assay_inactive
O=C(O)c1ccc(O)c(C(=O)c2cnc3cc(-c4ccc(Cl)cc4)nn3c2)c1,O=C(O)c1ccc(O)c(C(=O)c2cnc3cc(-c4ccc(Cl)cc4)nn3c2)c1,0,assay_inactive
O=C(c1cnc2cc(-c3ccc(C(F)(F)F)cc3)nn2c1)c1cc([N+](=O)[O-])ccc1O,O=C(c1cnc2cc(-c3ccc(C(F)(F)F)cc3)nn2c1)c1cc([N+](=O)[O-])ccc1O,0,assay_inactive
Cc1ccc(-c2cc3ncc(C(=O)c4cc([N+](=O)[O-])ccc4O)cn3n2)cc1,Cc1ccc(-c2cc3ncc(C(=O)c4cc([N+](=O)[O-])ccc4O)cn3n2)cc1,0,assay_inactive
O=C(c1cnc2cc(-c3cccc(Cl)c3)nn2c1)c1cc([N+](=O)[O-])ccc1O,O=C(c1cnc2cc(-c3cccc(Cl)c3)nn2c1)c1cc([N+](=O)[O-])ccc1O,0,assay_inactive
O=C(OCc1ccccc1)c1ccc(-c2cc3ncc(C(=O)c4cc([N+](=O)[O-])ccc4O)cn3n2)cc1,O=C(OCc1ccccc1)c1ccc(-c2cc3ncc(C(=O)c4cc([N+](=O)[O-])ccc4O)cn3n2)cc1,0,assay_inactive
O=C(OCc1ccc(Cl)cc1)c1ccc(-c2cc3ncc(C(=O)c4cc([N+](=O)[O-])ccc4O)cn3n2)cc1,O=C(OCc1ccc(Cl)cc1)c1ccc(-c2cc3ncc(C(=O)c4cc([N+](=O)[O-])ccc4O)cn3n2)cc1,0,assay_inactive
O=C(c1cnc2cc(-c3ccc(Cl)cc3)nn2c1)c1cc([N+](=O)[O-])ccc1O,O=C(c1cnc2cc(-c3ccc(Cl)cc3)nn2c1)c1cc([N+](=O)[O-])ccc1O,0,assay_inactive
Cc1ccc(COC(=O)c2ccc(-c3cc4ncc(C(=O)c5cc([N+](=O)[O-])ccc5O)cn4n3)cc2)cc1,Cc1ccc(COC(=O)c2ccc(-c3cc4ncc(C(=O)c5cc([N+](=O)[O-])ccc5O)cn4n3)cc2)cc1,0,assay_inactive
O=C(OCc1ccc(C(F)(F)F)cc1)c1ccc(-c2cc3ncc(C(=O)c4cc([N+](=O)[O-])ccc4O)cn3n2)cc1,O=C(OCc1ccc(C(F)(F)F)cc1)c1ccc(-c2cc3ncc(C(=O)c4cc([N+](=O)[O-])ccc4O)cn3n2)cc1,0,assay_inactive
O=C(c1cnc2cc(-c3ccc(Cl)cc3)nn2c1)c1cccc([N+](=O)[O-])c1O,O=C(c1cnc2cc(-c3ccc(Cl)cc3)nn2c1)c1cccc([N+](=O)[O-])c1O,0,assay_inactive
O=C(c1cnc2cc(-c3ccccc3Cl)nn2c1)c1cc([N+](=O)[O-])ccc1O,O=C(c1cnc2cc(-c3ccccc3Cl)nn2c1)c1cc([N+](=O)[O-])ccc1O,0,assay_inactive
O=C(OCc1ccc(C(F)(F)F)cc1)c1ccc(-c2cc3ncc(C(=O)c4c(O)ccc([N+](=O)[O-])c4O)cn3n2)cc1,O=C(OCc1ccc(C(F)(F)F)cc1)c1ccc(-c2cc3ncc(C(=O)c4c(O)ccc([N+](=O)[O-])c4O)cn3n2)cc1,0,assay_inactive
O=C(c1cnc2cc(-c3ccc(Cl)cc3)nn2c1)c1cc(C(F)(F)F)ccc1O,O=C(c1cnc2cc(-c3ccc(Cl)cc3)nn2c1)c1cc(C(F)(F)F)ccc1O,0,assay_inactive
COc1ccc([N+](=O)[O-])cc1C(=O)c1cnc2cc(-c3ccc(Cl)cc3)nn2c1,COc1ccc([N+](=O)[O-])cc1C(=O)c1cnc2cc(-c3ccc(Cl)cc3)nn2c1,0,assay_inactive
O=C(c1cnc2cc(-c3ccc(Cl)cc3)nn2c1)c1ccccc1O,O=C(c1cnc2cc(-c3ccc(Cl)cc3)nn2c1)c1ccccc1O,0,assay_inactive
C[C@@H](NS(=O)(=O)c1ccc(OC(F)(F)F)cc1)c1cccnc1,C[C@@H](NS(=O)(=O)c1ccc(OC(F)(F)F)cc1)c1cccnc1,0,assay_inactive
O=C(O)CC(O)(CC(=O)O)C(=O)O,O=C(O)CC(O)(CC(=O)O)C(=O)O,0,assay_inactive
O=C(O)CCC(=O)O,O=C(O)CCC(=O)O,0,assay_inactive
O=C(O)C[C@H](C(O)O)[C@@H](O)C(=O)O,O=C(O)C[C@H](C(O)O)[C@@H](O)C(=O)O,0,assay_inactive
CC(C)(COP(=O)(O)OP(=O)(O)OC[C@H]1O[C@@H](n2cnc3c(N)ncnc32)[C@H](O)[C@@H]1OP(=O)(O)O)[C@H](O)C(=O)NCCC(=O)NCCSC(=O)CCC(=O)O,CC(C)(COP(=O)(O)OP(=O)(O)OC[C@H]1O[C@@H](n2cnc3c(N)ncnc32)[C@H](O)[C@@H]1OP(=O)(O)O)[C@H](O)C(=O)NCCC(=O)NCCSC(=O)CCC(=O)O,0,assay_inactive
O=C(O)CC(C(=O)O)C(=O)O,O=C(O)CC(C(=O)O)C(=O)O,0,assay_inactive
O=C(O)C[C@@H](C(=O)O)[C@H](O)C(=O)O,O=C(O)C[C@@H](C(=O)O)[C@H](O)C(=O)O,0,assay_inactive
O=C(O)/C=C(/CC(=O)O)C(=O)O,O=C(O)/C=C(/CC(=O)O)C(=O)O,0,assay_inactive
CC(=O)C(=O)O,CC(=O)C(=O)O,0,assay_inactive
N[C@H](CCC(=O)O)C(=O)O,N[C@H](CCC(=O)O)C(=O)O,0,assay_inactive
O=C(O)CC[C@H](O)C(=O)O,O=C(O)CC[C@H](O)C(=O)O,0,assay_inactive
O=C(O)CC[C@@H](O)C(=O)O,O=C(O)CC[C@@H](O)C(=O)O,0,assay_inactive
O=C(O)CC(O)C(=O)O,O=C(O)CC(O)C(=O)O,0,assay_inactive
N[C@@H](CCC(=O)O)C(=O)O,N[C@@H](CCC(=O)O)C(=O)O,0,assay_inactive
C[C@@H](O)C(=O)O,C[C@@H](O)C(=O)O,0,assay_inactive
O=C(NC(c1ccccc1)c1ccccc1)c1ccc(-c2ccccc2)cc1,O=C(NC(c1ccccc1)c1ccccc1)c1ccc(cc1)-c1ccccc1,0,assay_inactive
CCOC(=O)C1CC1C1NCCS1,CCOC(=O)C1CC1C1NCCS1,0,assay_inactive
CC(C)(C)OC(=O)N1CCC(F)(C2NCCS2)C1,CC(C)(C)OC(=O)N1CCC(F)(C1)C1NCCS1,0,assay_inactive
O=C(O)N1CCC(F)(C2NCCS2)C1,OC(=O)N1CCC(F)(C1)C1NCCS1,0,assay_inactive
CC(C)(C)OC(=O)N1CSC[C@@H]1CN,CC(C)(C)OC(=O)N1CSC[C@@H]1CN,0,assay_inactive
CC1(C)SCC(C)(C(=O)O)N1C(N)=O,CC1(C)SCC(C)(N1C(N)=O)C(O)=O,0,assay_inactive
O=C(O)[C@H]1NCCS1,OC(=O)[C@H]1NCCS1,0,assay_inactive
CC1(C)S[C@@H]2[C@H](N)C(=O)N2[C@H]1C(=O)O,CC1(C)S[C@@H]2[C@H](N)C(=O)N2[C@H]1C(O)=O,0,assay_inactive
C[C@]1(Cn2ccnn2)C(C(=O)O)N2C(=O)C[C@H]2S1(=O)=O,C[C@]1(Cn2ccnn2)C(N2[C@@H](CC2=O)S1(=O)=O)C(O)=O,0,assay_inactive
CC1(C)[C@H](C(=O)O)N2C(=O)C[C@H]2S1(=O)=O,CC1(C)[C@@H](N2[C@@H](CC2=O)S1(=O)=O)C(O)=O,0,assay_inactive
O=C1N[C@H](C(=O)O)CS1,OC(=O)[C@@H]1CSC(=O)N1,0,assay_inactive
COC(=O)C1COC(c2ccc(O)cc2)N1,COC(=O)C1COC(N1)c1ccc(O)cc1,0,assay_inactive
COC(=O)C1COC(c2ccccc2O)N1,COC(=O)C1COC(N1)c1ccccc1O,0,assay_inactive
COC(=O)C1COC(c2ccc(OC)c(Cl)c2)N1,COC(=O)C1COC(N1)c1ccc(OC)c(Cl)c1,0,assay_inactive
COC(=O)C1COC(c2ccc(-c3ccccc3)s2)N1,COC(=O)C1COC(N1)c1ccc(s1)-c1ccccc1,0,assay_inactive
CCN(CC)c1ccc(C2NC(C(=O)OC)CS2)c(O)c1,CCN(CC)c1ccc(C2NC(CS2)C(=O)OC)c(O)c1,0,assay_inactive
CC(=O)c1ccc(S(=O)(=O)NCC2CCOCC2)cc1,CC(=O)c1ccc(cc1)S(=O)(=O)NCC1CCOCC1,0,assay_inactive
O=S(=O)(Nc1ccc(Cl)c(C(F)(F)F)c1)c1ccc(OC(F)(F)F)cc1,FC(F)(F)Oc1ccc(cc1)S(=O)(=O)Nc1ccc(Cl)c(c1)C(F)(F)F,0,assay_inactive
O=S(=O)(Nc1cccs1)c1ccc(OC(F)(F)F)cc1,FC(F)(F)Oc1ccc(cc1)S(=O)(=O)Nc1cccs1,0,assay_inactive
O=S(=O)(Nc1cc(Cl)ccc1O)c1ccc(OC(F)(F)F)cc1,Oc1ccc(Cl)cc1NS(=O)(=O)c1ccc(OC(F)(F)F)cc1,0,assay_inactive
O=S(=O)(Nc1cc(F)ccc1O)c1ccc(OC(F)(F)F)cc1,Oc1ccc(F)cc1NS(=O)(=O)c1ccc(OC(F)(F)F)cc1,0,assay_inactive
O=S(=O)(Nc1nccnc1O)c1ccc(OC(F)(F)F)cc1,Oc1nccnc1NS(=O)(=O)c1ccc(OC(F)(F)F)cc1,0,assay_inactive
O=S(=O)(NCc1ccccn1)c1ccc(OC(F)(F)F)cc1,FC(F)(F)Oc1ccc(cc1)S(=O)(=O)NCc1ccccn1,0,assay_inactive
O=S(=O)(Nc1ccc(Cl)c(Cl)c1)c1ccc(OC(F)(F)F)cc1,FC(F)(F)Oc1ccc(cc1)S(=O)(=O)Nc1ccc(Cl)c(Cl)c1,0,assay_inactive
Cc1ccc(NS(=O)(=O)c2ccc(OC(F)(F)F)cc2)cc1C,Cc1ccc(NS(=O)(=O)c2ccc(OC(F)(F)F)cc2)cc1C,0,assay_inactive
O=S(=O)(Nc1cccc(O)c1)c1ccc(OC(F)(F)F)cc1,Oc1cccc(NS(=O)(=O)c2ccc(OC(F)(F)F)cc2)c1,0,assay_inactive
O=C(C1CC1)N1CCN(S(=O)(=O)c2ccc(OC(F)(F)F)cc2)CC1,FC(F)(F)Oc1ccc(cc1)S(=O)(=O)N1CCN(CC1)C(=O)C1CC1,0,assay_inactive
Clc1ccc(N/N=C2/C[C@@H]3C=CC[C@H]23)nn1,c1cc(nnc1N/N=C\2/C[C@H]3[C@@H]2CC=C3)Cl,0,decoy
C1CO[C@H](C23CC4CC(CC(C4)C2)C3)C[NH2+]1,C1CO[C@@H](C[NH2+]1)C23CC4CC(C2)CC(C4)C3,0,decoy
C[C@H](c1nc(N)nc(N(C)C)n1)N(C)CC(=O)Nc1ccc(F)cc1,C[C@H](c1nc(nc(n1)N(C)C)N)N(C)CC(=O)Nc2ccc(cc2)F,0,decoy
CCOC(=O)NN1C(=O)c2ccccc2N[C@H]1c1ccco1,CCOC(=O)NN1[C@@H](Nc2ccccc2C1=O)c3ccco3,0,decoy
COc1ccc(N2C[C@H](C(=O)N3CCCc4ccccc43)CC2=O)c(OC)c1,COc1ccc(c(c1)OC)N2C[C@@H](CC2=O)C(=O)N3CCCc4c3cccc4,0,decoy
CCOc1cc(/C=N/NC(=O)[C@H]2C=C(C(C)(C)C)N=N2)c(Br)c(Br)c1O,CCOc1cc(c(c(c1O)Br)Br)/C=N/NC(=O)[C@H]2C=C(N=N2)C(C)(C)C,0,decoy
COc1ccc2c(c1)CC[C@@H]([NH+](C)CCC(F)(F)F)[C@H]2O,C[NH+](CCC(F)(F)F)[C@@H]1CCc2cc(ccc2[C@@H]1O)OC,0,decoy
O=C([O-])Cc1ccc(S(=O)(=O)[N-]C[C@H]2CCCO2)s1,c1cc(sc1CC(=O)[O-])S(=O)(=O)[N-]C[C@H]2CCCO2,0,decoy
COc1ccc(-c2n[nH]c(/N=C(\[O-])[C@H]3CCCO3)n2)cc1,COc1ccc(cc1)c2nc([nH]n2)/N=C(/[C@H]3CCCO3)\[O-],0,decoy
OC[C@H]1O[C@@H](O[C@@H]2Cc3c(O)cc(O)cc3O[C@H]2c2ccc(O)c(O)c2)[C@H](O)[C@@H](O)[C@@H]1O,c1cc(c(cc1[C@H]2[C@@H](Cc3c(cc(cc3O2)O)O)O[C@H]4[C@@H]([C@H]([C@@H]([C@H](O4)CO)O)O)O)O)O,0,decoy
COc1cc(/C=N\NC(=O)CC[C@@H](O)c2ccccc2)c(Br)cc1OCc1ccc(C)cc1,Cc1ccc(cc1)COc2cc(c(cc2OC)/C=N\NC(=O)CC[C@H](c3ccccc3)O)Br,0,decoy
COc1ccc(-c2n[nH]/c(=N/C(=O)[C@H]3CN(C)CCO3)[nH]2)cc1,CN1CCO[C@H](C1)C(=O)/N=c/2\[nH]c(n[nH]2)c3ccc(cc3)OC,0,decoy
C[C@@H]1CCC[C@H](C)N1C(=O)N[C@@H]1COC[C@H]1C(=O)[O-],C[C@@H]1CCC[C@@H](N1C(=O)N[C@@H]2COC[C@H]2C(=O)[O-])C,0,decoy
C/C(C(=O)[O-])=C(\C)C(=O)NC(=O)N1CC[C@@H]([NH+](C)C)C1,C/C(=C(\C)/C(=O)[O-])/C(=O)NC(=O)N1CC[C@H](C1)[NH+](C)C,0,decoy
Nn1c(N/N=C/c2cc(Cl)cc(Cl)c2O)nnc1SCc1ccccc1,c1ccc(cc1)CSc2nnc(n2N)N/N=C/c3cc(cc(c3O)Cl)Cl,0,decoy
[S-]C1=[NH+]N[C@H]([C@H]2N=NC3=C2CCC3)N1/N=C/c1ccco1,c1cc(oc1)/C=N/N2[C@H](N[NH+]=C2[S-])[C@@H]3C4=C(CCC4)N=N3,0,decoy
O=C1N=C([O-])C2(CCN(C(=O)[C@H]3C[C@H]3c3ccco3)CC2)N1,c1cc(oc1)[C@@H]2C[C@@H]2C(=O)N3CCC4(CC3)C(=NC(=O)N4)[O-],0,decoy
Cc1nn(C)c(C)c1S(=O)(=O)NCCCC/C(N)=N/O,Cc1c(c(n(n1)C)C)S(=O)(=O)NCCCC/C(=N/O)/N,0,decoy
Cn1cncc1-c1nc(=O)c(-c2ccc(F)cc2)c([O-])[nH]1,Cn1cncc1c2[nH]c(c(c(=O)n2)c3ccc(cc3)F)[O-],0,decoy
CNC(=O)NCC(=O)Nc1c(C)cnn1[C@@H]1CCCc2ccccc21,Cc1cnn(c1NC(=O)CNC(=O)NC)[C@@H]2CCCc3c2cccc3,0,decoy
CCN[C@H](c1ccc(C)cc1C)c1ccc(Br)cc1Cl,CCN[C@H](c1ccc(cc1C)C)c2ccc(cc2Cl)Br,0,decoy
Cc1cc(Cl)c(N)cc1S(=O)(=O)N[C@H]1CC[C@H](C)[C@H](C)C1,Cc1cc(c(cc1S(=O)(=O)N[C@H]2CC[C@@H]([C@@H](C2)C)C)N)Cl,0,decoy
COc1c(C[NH2+][C@H](c2ccc(F)cc2)c2cccs2)c(C)nn1C,Cc1c(c(n(n1)C)OC)C[NH2+][C@H](c2ccc(cc2)F)c3cccs3,0,decoy
COc1cc(F)ccc1[N-]S(=O)(=O)c1cnc(NN)nc1,COc1cc(ccc1[N-]S(=O)(=O)c2cnc(nc2)NN)F,0,decoy
CC[NH2+][C@H](C)c1c(F)cccc1Oc1ccc(Br)cc1F,CC[NH2+][C@H](C)c1c(cccc1F)Oc2ccc(cc2F)Br,0,decoy
[NH3+][C@H]1CCCCC[C@@H]1Nc1nnc([O-])[nH]c1=O,C1CC[C@@H]([C@H](CC1)Nc2c(=O)[nH]c(nn2)[O-])[NH3+],0,decoy
Cc1ccc(Nc2nc([O-])c3c(-c4ccc(Cl)cc4)ccnc3n2)cc1C,Cc1ccc(cc1C)Nc2nc3c(c(ccn3)c4ccc(cc4)Cl)c(n2)[O-],0,decoy
C[C@@H]1C[C@H](C)CN(c2cc(SCC(=O)NN)ncn2)C1,C[C@@H]1C[C@@H](CN(C1)c2cc(ncn2)SCC(=O)NN)C,0,decoy
CC(C)[C@H](C)NC(=O)C1CC[NH+](Cc2nc3c(s2)C[C@@H](C)CC3)CC1,C[C@H]1CCc2c(sc(n2)C[NH+]3CCC(CC3)C(=O)N[C@@H](C)C(C)C)C1,0,decoy
O=c1cc(/C([O-])=N/N=C/[C@H]2[C@H](c3ccccc3)N=C3C=CC=CN32)nc([O-])[nH]1,c1ccc(cc1)[C@H]2[C@@H](N3C=CC=CC3=N2)/C=N/N=C(/c4cc(=O)[nH]c(n4)[O-])\[O-],0,decoy
CCO[C@H]1C[C@H]([NH2+][C@@H]2CCCNC2=O)C12CCCCC2,CCO[C@H]1C[C@@H](C12CCCCC2)[NH2+][C@@H]3CCCNC3=O,0,decoy
Cc1n[nH]c(C)c1[N-]S(=O)(=O)c1ccc(NN)[nH+]c1,Cc1c(c(n[nH]1)C)[N-]S(=O)(=O)c2ccc([nH+]c2)NN,0,decoy
Cc1ccc(/C=C/C([O-])=N/S(=O)(=O)c2cc(C(N)=O)n(C)c2)cc1,Cc1ccc(cc1)/C=C/C(=N/S(=O)(=O)c2cc(n(c2)C)C(=O)N)/[O-],0,decoy
CCCCOC(=O)[C@H](C)NC(=O)Cc1cn2cccc(C)c2[nH+]1,CCCCOC(=O)[C@H](C)NC(=O)Cc1cn2cccc(c2[nH+]1)C,0,decoy
O=C1Cc2cc(NC(=O)Nc3ccnn3C3CCCCC3)ccc2N1,c1cc2c(cc1NC(=O)Nc3ccnn3C4CCCCC4)CC(=O)N2,0,decoy
[H]/N=C1\NC(=O)[C@H](C2=C3C(=O)N=C(N)N=C3N=C2c2ccc3c(c2)OCO3)/C(=N\[H])N1,[H]/N=C/1\[C@H](C(=O)N/C(=N\[H])/N1)C2=C3C(=NC(=NC3=O)N)N=C2c4ccc5c(c4)OCO5,0,decoy
Cc1cc(C)n(-c2ncnc(Nc3ccc4c(c3)OCO4)c2N)n1,Cc1cc(n(n1)c2c(c(ncn2)Nc3ccc4c(c3)OCO4)N)C,0,decoy
COC(=O)c1c([N-]S(=O)(=O)[C@@H](C)C(=O)[O-])sc(C)c1C,Cc1c(sc(c1C(=O)OC)[N-]S(=O)(=O)[C@@H](C)C(=O)[O-])C,0,decoy
N#C[C@H]1C(=O)Nc2nc[nH]c(=O)c2[C@@H]1c1ccc2c(c1)OCCCO2,c1cc2c(cc1[C@H]3c4c(=O)[nH]cnc4NC(=O)[C@@H]3C#N)OCCCO2,0,decoy
C[C@H]1CCc2c(sc([N-]S(=O)(=O)[C@@H](C)C(=O)[O-])c2C#N)C1,C[C@H]1CCc2c(sc(c2C#N)[N-]S(=O)(=O)[C@@H](C)C(=O)[O-])C1,0,decoy
Cc1nc(SC[C@@H]2NC(c3cccc(C(F)(F)F)c3)=NO2)nc([O-])c1CCO,Cc1c(c(nc(n1)SC[C@@H]2NC(=NO2)c3cccc(c3)C(F)(F)F)[O-])CCO,0,decoy
C[C@]12CC[C@H](O)CC1=CC[C@H]1[C@@H]2CC[C@@]2(C)C(=NNC(N)=O)CC[C@@H]12,C[C@@]12CC[C@H]3[C@@H]([C@@H]1CCC2=NNC(=O)N)CC=C4[C@@]3(CC[C@@H](C4)O)C,0,decoy
O=C1/C(=C/c2cc(Cc3ccccc3)ccc2O)SC(=S)N1C1CCCCC1,c1ccc(cc1)Cc2ccc(c(c2)/C=C\3/C(=O)N(C(=S)S3)C4CCCCC4)O,0,decoy
CC1=C2[C@H](c3ccc(F)cc3)[C@@H]3C(=O)NC(=O)N=C3N[C@@H]2N=N1,CC1=C2[C@@H]([C@H]3C(=NC(=O)NC3=O)N[C@@H]2N=N1)c4ccc(cc4)F,0,decoy
CC(C)CNC(=O)NC(=O)CSc1n[nH]c(N)n1,CC(C)CNC(=O)NC(=O)CSc1nc([nH]n1)N,0,decoy
N[C@H]1CCCCC[C@H]1Sc1nnc2ccccn12,c1ccn2c(c1)nnc2S[C@@H]3CCCCC[C@@H]3N,0,decoy
FCCOc1ccccc1I,c1ccc(c(c1)OCCF)I,0,decoy
CCCNc1ncnc2c1cnn2-c1ccc(C#N)cc1,CCCNc1c2cnn(c2ncn1)c3ccc(cc3)C#N,0,decoy
C/C=C(/C[C@H](O)N(C=O)Cc1c[nH+]c(C)nc1N)SS/C(=C/C)C[C@@H](O)N(C=O)Cc1cnc(C)nc1N,C/C=C(/C[C@@H](N(Cc1c[nH+]c(nc1N)C)C=O)O)\SS/C(=C/C)/C[C@H](N(Cc2cnc(nc2N)C)C=O)O,0,decoy
[O-]c1c([C@@H](Nc2cc(C(F)(F)F)ccc2Cl)c2ccco2)ccc2cccnc12,c1cc2ccc(c(c2nc1)[O-])[C@H](c3ccco3)Nc4cc(ccc4Cl)C(F)(F)F,0,decoy
[H]/N=C(/[O-])[C@]1(C#N)[C@H](C)OC2=C(CCCC2)C1(C#N)C#N,[H]/N=C(\[C@@]1([C@@H](OC2=C(C1(C#N)C#N)CCCC2)C)C#N)/[O-],0,decoy
CC(C)Oc1ccc(C(=O)N2CCC3(CC2)NC(=O)N=C3[O-])cc1,CC(C)Oc1ccc(cc1)C(=O)N2CCC3(CC2)C(=NC(=O)N3)[O-],0,decoy
C[C@@H]1[C@H](C)CCC[C@H]1N[C@@H]1CCC[C@@H]1C#N,C[C@@H]1CCC[C@H]([C@@H]1C)N[C@@H]2CCC[C@@H]2C#N,0,decoy
COCC1CC[NH+](C[C@H]2CCCCC[C@H]2O)CC1,COCC1CC[NH+](CC1)C[C@H]2CCCCC[C@H]2O,0,decoy
COc1ccc(S(N)(=O)=O)cc1NC(=O)[C@H]1C[C@H]1C(=O)O,COc1ccc(cc1NC(=O)[C@H]2C[C@H]2C(=O)O)S(=O)(=O)N,0,decoy
CSc1cc(OC2CC2)ccc1C(C)C,CC(C)c1ccc(cc1SC)OC2CC2,0,decoy
[O-]C1=NC(=S)S/C1=C/c1cc(/N=N\c2ccccc2Cl)ccc1O,c1ccc(c(c1)/N=N\c2ccc(c(c2)/C=C/3\C(=NC(=S)S3)[O-])O)Cl,0,decoy
N[C@H]1C(=O)N(c2ccc3c(c2)OCO3)[C@@H]1c1ccc2c(c1)OCO2,c1cc2c(cc1[C@@H]3[C@H](C(=O)N3c4ccc5c(c4)OCO5)N)OCO2,0,decoy
CC1=C[C@@H]([C@@H]2N=N[C@H]([S-])N2/N=C/c2ccc(O)c(O)c2)N=N1,CC1=C[C@H](N=N1)[C@@H]2N=N[C@@H](N2/N=C/c3ccc(c(c3)O)O)[S-],0,decoy
N#Cc1nc(-c2cccc(C(F)(F)F)c2F)oc1N,c1cc(c(c(c1)C(F)(F)F)F)c2nc(c(o2)N)C#N,0,decoy
Cc1cc(C)c(CNC(=O)CC[C@H]2NC(=O)N=C2[O-])c(=O)[nH]1,Cc1cc([nH]c(=O)c1CNC(=O)CC[C@@H]2C(=NC(=O)N2)[O-])C,0,decoy
O=C1N=C([O-])[C@@]2(CCN(C(=O)C[C@@H]3CCCCO3)C2)N1,C1CCO[C@@H](C1)CC(=O)N2CC[C@]3(C2)C(=NC(=O)N3)[O-],0,decoy
CC[C@@H](C)[C@@H]([NH2+]Cc1c([O-])ccc2c(=O)c(Oc3ccccc3)c(C)oc12)C(=O)[O-],CC[C@@H](C)[C@H](C(=O)[O-])[NH2+]Cc1c(ccc2c1oc(c(c2=O)Oc3ccccc3)C)[O-],0,decoy
COc1cccc(/N=C2\N=C([O-])/C(=C3/C([O-])=Nc4ccccc43)S2)c1,COc1cccc(c1)/N=C/2\N=C(/C(=C/3\c4ccccc4N=C3[O-])/S2)[O-],0,decoy
C[C@H]([NH2+]CCCN(CCC[NH3+])CC[NH+](C)C)c1cccc([C@@H](C)O)n1,C[C@@H](c1cccc(n1)[C@@H](C)O)[NH2+]CCCN(CCC[NH3+])CC[NH+](C)C,0,decoy
[O-]c1c(Br)cc(/C=N\N=c2/[nH]c3c(s2)CCCC3)cc1Br,c1c(cc(c(c1Br)[O-])Br)/C=N\N=c\2/[nH]c3c(s2)CCCC3,0,decoy
O=c1cc[nH]cc1S(=O)(=O)[N-]c1c(Cl)ccc2nsnc12,c1cc(c(c2c1nsn2)[N-]S(=O)(=O)c3c[nH]ccc3=O)Cl,0,decoy
c1cc2c(s1)CCN[C@@H]2c1nc(C2CCCCC2)no1,c1csc2c1[C@H](NCC2)c3nc(no3)C4CCCCC4,0,decoy
CC1(C)CCC[NH+]([C@H](CN)CC(=O)N2CCCC2)CC1,CC1(CCC[NH+](CC1)[C@@H](CC(=O)N2CCCC2)CN)C,0,decoy
COc1cc(C)c(N)cc1S(=O)(=O)[N-]c1ncc[nH]1,Cc1cc(c(cc1N)S(=O)(=O)[N-]c2[nH]ccn2)OC,0,decoy
CCC/C(=N\[N-]S(=O)(=O)c1ccc(C)cc1)c1cc(Cl)c(C)cc1O,CCC/C(=N\[N-]S(=O)(=O)c1ccc(cc1)C)/c2cc(c(cc2O)C)Cl,0,decoy
COC(=O)c1ccccc1[N-]C1=NC(=O)/C(=C\c2ccc(O[C@@H](C)C(=O)[O-])cc2)S1,C[C@@H](C(=O)[O-])Oc1ccc(cc1)/C=C/2\C(=O)N=C(S2)[N-]c3ccccc3C(=O)OC,0,decoy
CCCNC(=O)CNC(=O)/C([O-])=N/c1ccc(F)cc1Br,CCCNC(=O)CNC(=O)/C(=N/c1ccc(cc1Br)F)/[O-],0,decoy
O=c1nc[nH]c2c1ncn2[C@@H]1O[C@H](COP(=O)([O-])[O-])[C@@H](O)[C@H]1O,c1[nH]c2c(c(=O)n1)ncn2[C@H]3[C@@H]([C@@H]([C@H](O3)COP(=O)([O-])[O-])O)O,0,decoy
CCc1nn(C)c2c1nc(N)n2[C@@H]1CC(=O)N(C)C1=O,CCc1c2c(n(n1)C)n(c(n2)N)[C@@H]3CC(=O)N(C3=O)C,0,decoy
O=C(CN1C(=O)NC2(CCCCCC2)C1=O)NC(=O)Nc1ccccc1F,c1ccc(c(c1)NC(=O)NC(=O)CN2C(=O)C3(CCCCCC3)NC2=O)F,0,decoy
COc1ccc([C@H](C)Nc2ccc(F)cc2Br)c([O-])c1,C[C@@H](c1ccc(cc1[O-])OC)Nc2ccc(cc2Br)F,0,decoy
CC(C)C[C@@H]1NC(=O)C[C@@H](C)N(C)C1=O,C[C@@H]1CC(=O)N[C@H](C(=O)N1C)CC(C)C,0,decoy
Cc1nc2sc(C(=O)N3CCNC(=O)C3)c(C)c2c(=O)[nH]1,Cc1c2c(=O)[nH]c(nc2sc1C(=O)N3CCNC(=O)C3)C,0,decoy
COc1ccc(C[N-]S(=O)(=O)N2CCOCC2)cc1N,COc1ccc(cc1N)C[N-]S(=O)(=O)N2CCOCC2,0,decoy
Cc1cc(N)c(C)c(S(=O)(=O)NCC2(O)CCCCC2)c1,Cc1cc(c(c(c1)S(=O)(=O)NCC2(CCCCC2)O)C)N,0,decoy
COc1cc(=O)[nH]c(S[C@H](C)C(=O)N(c2ccccc2)c2ccccc2)n1,C[C@H](C(=O)N(c1ccccc1)c2ccccc2)Sc3[nH]c(=O)cc(n3)OC,0,decoy
[NH3+]C[C@H]1CCC[C@H]1C(=O)N1CCN(CC(F)(F)F)CC1,C1C[C@@H]([C@@H](C1)C(=O)N2CCN(CC2)CC(F)(F)F)C[NH3+],0,decoy
CC[C@H]1NC(=O)C[C@H](C)N(CC(C)C)C1=O,CC[C@@H]1C(=O)N([C@H](CC(=O)N1)C)CC(C)C,0,decoy
O=C1NC2(CCCCC2)C(=O)N1/N=C(\[O-])CSC1=NN/C(=C2\C=Nc3ccccc32)O1,c1ccc2c(c1)/C(=C\3/NN=C(O3)SC/C(=N/N4C(=O)C5(CCCCC5)NC4=O)/[O-])/C=N2,0,decoy
Cc1nn(C(C)C)c(C)c1N/C([O-])=N/c1nncs1,Cc1c(c(n(n1)C(C)C)C)N/C(=N/c2nncs2)/[O-],0,decoy
COc1ccc(CNc2cc(Cl)c(Cl)cc2Cl)c([O-])c1,COc1ccc(c(c1)[O-])CNc2cc(c(cc2Cl)Cl)Cl,0,decoy
CC(C)[NH2+]CCc1nnc(-c2ccc(Br)o2)s1,CC(C)[NH2+]CCc1nnc(s1)c2ccc(o2)Br,0,decoy
CC(C)(C)c1ccc([C@H]2C[C@@H]2C(=O)N/N=C/c2ccc(C(=O)[O-])cc2)cc1,CC(C)(C)c1ccc(cc1)[C@H]2C[C@@H]2C(=O)N/N=C/c3ccc(cc3)C(=O)[O-],0,decoy
Cc1cc(C)cc(OCC(=O)Oc2ccc3c(c2)OC(N)=C(C#N)[C@H]3c2ccc(Br)cc2)c1,Cc1cc(cc(c1)OCC(=O)Oc2ccc3c(c2)OC(=C([C@H]3c4ccc(cc4)Br)C#N)N)C,0,decoy
Cc1ccc(NC=C2C(=O)NC(=S)NC2=O)cc1NC=C1C(=O)NC(=S)NC1=O,Cc1ccc(cc1NC=C2C(=O)NC(=S)NC2=O)NC=C3C(=O)NC(=S)NC3=O,0,decoy
CCOC(=O)CO[C@@H]1CCC[C@H](CC)C1,CC[C@H]1CCC[C@H](C1)OCC(=O)OCC,0,decoy
CNC(=O)CN1CCC([NH2+][C@@H]2CCC[C@H](C)[C@H]2C)CC1,C[C@H]1CCC[C@H]([C@@H]1C)[NH2+]C2CCN(CC2)CC(=O)NC,0,decoy
NC(=O)NC(=O)c1ccsc1NC(=O)[C@H]1[C@@H](C(=O)[O-])[C@@H]2CC[C@H]1O2,c1csc(c1C(=O)NC(=O)N)NC(=O)[C@@H]2[C@H]3CC[C@@H]([C@@H]2C(=O)[O-])O3,0,decoy
O=C1CN(c2cc3c(cc2Cl)C(=O)C([O-])=N3)CCN1,c1c2c(cc(c1Cl)N3CCNC(=O)C3)N=C(C2=O)[O-],0,decoy
Cc1ccc(C(=O)N[C@]2(C(F)(F)F)C(=O)N=C3C2=C([O-])NC(=O)N3Cc2ccco2)cc1,Cc1ccc(cc1)C(=O)N[C@]2(C3=C(NC(=O)N(C3=NC2=O)Cc4ccco4)[O-])C(F)(F)F,0,decoy
Cc1nc(C(C)C)nc([O-])c1C(=O)N[C@H](C)c1nnn[n-]1,Cc1c(c(nc(n1)C(C)C)[O-])C(=O)N[C@H](C)c2[n-]nnn2,0,decoy
O=C([O-])[C@@H]1C[C@H]2CC[C@@H]1N2C(=O)c1n[nH]c(C2CC2)n1,C1C[C@H]2[C@@H](C[C@@H]1N2C(=O)c3nc([nH]n3)C4CC4)C(=O)[O-],0,decoy
C[C@@H]1C[NH+](C2CC[NH2+]CC2)C[C@@H]1C,C[C@@H]1C[NH+](C[C@@H]1C)C2CC[NH2+]CC2,0,decoy
Cc1ccc([N-]S(=O)(=O)c2cccc(F)c2)cc1[N-]S(C)(=O)=O,Cc1ccc(cc1[N-]S(=O)(=O)C)[N-]S(=O)(=O)c2cccc(c2)F,0,decoy
C[C@@H]1[C@H](C)CCC[C@H]1NC(=O)N[C@@H](CCC(=O)O)C(=O)[O-],C[C@@H]1CCC[C@H]([C@@H]1C)NC(=O)N[C@@H](CCC(=O)O)C(=O)[O-],0,decoy
O=C([O-])c1c(/N=C(\[O-])[C@H]2COCCO2)sc2c1CCC2,C1Cc2c(sc(c2C(=O)[O-])/N=C(/[C@H]3COCCO3)\[O-])C1,0,decoy
COc1cc(-c2c3c[nH]nc3nc3c2oc2cc([O-])ccc23)ccc1OCC(=O)[O-],COc1cc(ccc1OCC(=O)[O-])c2c3c[nH]nc3nc4c2oc5c4ccc(c5)[O-],0,decoy
CC1(NS(=O)(=O)C[C@H]2CCC[NH2+]C2)CCCCC1,CC1(CCCCC1)NS(=O)(=O)C[C@H]2CCC[NH2+]C2,0,decoy
N#Cc1c(N)sc2c1CCN(C(=O)c1ccccc1-n1cnnn1)C2,c1ccc(c(c1)C(=O)N2CCc3c(sc(c3C#N)N)C2)n4cnnn4,0,decoy
Cc1nc(N(C)[C@H](C)C/C(N)=N/O)cc2n[nH]c(=O)n12,Cc1nc(cc2n1c(=O)[nH]n2)N(C)[C@H](C)C/C(=N/O)/N,0,decoy
C[C@@H]1C[NH+]([C@@H]2CCCCC[C@@H]2O)C[C@H]1C,C[C@@H]1C[NH+](C[C@H]1C)[C@@H]2CCCCC[C@@H]2O,0,decoy
CC[C@@H]1CN(Cc2cc([O-])n3ncnc3n2)[C@@H](CC)CN1,CC[C@H]1CN[C@@H](CN1Cc2cc(n3c(n2)ncn3)[O-])CC,0,decoy
Cc1cc(N[C@@H](C)c2nnn[n-]2)nc(N2CCCCC2)n1,Cc1cc(nc(n1)N2CCCCC2)N[C@@H](C)c3[n-]nnn3,0,decoy
O=C(N[C@@H]1CCCCC[C@@H]1C(=O)[O-])c1c[nH]c(=O)[nH]c1=O,c1c(c(=O)[nH]c(=O)[nH]1)C(=O)N[C@@H]2CCCCC[C@@H]2C(=O)[O-],0,decoy
Cc1nc(=O)n(Cc2nc[nH]n2)c(C)c1CCC(=O)[O-],Cc1c(c(n(c(=O)n1)Cc2nc[nH]n2)C)CCC(=O)[O-],0,decoy
C[C@@H]1C[NH+](C)[C@@H](C)C[C@H]1Nc1ccn(CCc2ccncc2)n1,C[C@H]1C[C@H]([C@@H](C[NH+]1C)C)Nc2ccn(n2)CCc3ccncc3,0,decoy
O=C(Nc1nc[nH]n1)c1ccc2c(=O)n3c(nc2c1)CCCCCC3,c1cc2c(cc1C(=O)Nc3nc[nH]n3)nc4n(c2=O)CCCCCC4,0,decoy
CCC[NH2+]C1CCN(S(=O)(=O)c2cc(Cl)sc2Cl)CC1,CCC[NH2+]C1CCN(CC1)S(=O)(=O)c2cc(sc2Cl)Cl,0,decoy
Cc1n[n-]c(SC/C([O-])=N/c2nnc(CC(C)C)s2)n1,Cc1nc([n-]n1)SC/C(=N/c2nnc(s2)CC(C)C)/[O-],0,decoy
S=C(N/N=C/c1cccc(OCc2ccc(Cl)cc2)c1)Nc1cccc(Cl)c1,c1cc(cc(c1)OCc2ccc(cc2)Cl)/C=N/NC(=S)Nc3cccc(c3)Cl,0,decoy
C=C(C)C(=O)N(C1CCCCC1)[C@@H](C(=O)NC(C)(C)C)c1c(O)cc(O)cc1O,CC(=C)C(=O)N(C1CCCCC1)[C@H](c2c(cc(cc2O)O)O)C(=O)NC(C)(C)C,0,decoy
COc1ccc(N)cc1-c1nnnn1C[C@H]1CCCOC1,COc1ccc(cc1c2nnnn2C[C@H]3CCCOC3)N,0,decoy
NS(=O)(=O)[N-]C[C@H]1CCCN(C(=O)C[C@@H]2CCCCO2)C1,C1CCO[C@@H](C1)CC(=O)N2CCC[C@@H](C2)C[N-]S(=O)(=O)N,0,decoy
Cc1nn(C[C@@H](O)CN(CC(N)=O)C(C)C)c(C)c1N,Cc1c(c(n(n1)C[C@H](CN(CC(=O)N)C(C)C)O)C)N,0,decoy
CC(C)n1c(NC2CCCCC2)nc2c1c(=O)[nH]c(=O)n2C,CC(C)n1c2c(=O)[nH]c(=O)n(c2nc1NC3CCCCC3)C,0,decoy
C=C[C@H]1C[NH+]2CC[C@@H]1C[C@@H]2CNS(=O)(=O)c1cccc2cccnc12,C=C[C@H]1C[NH+]2CC[C@@H]1C[C@@H]2CNS(=O)(=O)c3cccc4c3nccc4,0,decoy
O=C(CCNC(=O)N[C@@H]1CCC[C@H](C(=O)[O-])C1)NC1CC1,C1C[C@@H](C[C@@H](C1)NC(=O)NCCC(=O)NC2CC2)C(=O)[O-],0,decoy
Nc1[nH]ncc1[C@H](O)C[C@@H]1OCCc2ccccc21,c1ccc2c(c1)CCO[C@H]2C[C@H](c3cn[nH]c3N)O,0,decoy
CCC[NH2+][C@H](C)c1nnn(-c2cc(F)c(F)c(F)c2)c1C,CCC[NH2+][C@H](C)c1c(n(nn1)c2cc(c(c(c2)F)F)F)C,0,decoy
CC[C@@H](C)c1ccc(OCC(=O)Nc2ccc(NC(=O)CC(C)C)cc2)c(Br)c1,CC[C@@H](C)c1ccc(c(c1)Br)OCC(=O)Nc2ccc(cc2)NC(=O)CC(C)C,0,decoy
Cc1cc([N-]S(=O)(=O)N(C)C(C)C)ccc1/C=C/C(=O)[O-],Cc1cc(ccc1/C=C/C(=O)[O-])[N-]S(=O)(=O)N(C)C(C)C,0,decoy
CC(C)N(C)S(=O)(=O)[N-]c1cccc([N-]S(N)(=O)=O)c1,CC(C)N(C)S(=O)(=O)[N-]c1cccc(c1)[N-]S(=O)(=O)N,0,decoy
COc1ccc([N-]S(=O)(=O)c2c(N)ncn2C)c(C)c1,Cc1cc(ccc1[N-]S(=O)(=O)c2c(ncn2C)N)OC,0,decoy
CC[C@@]1(C(=O)[O-])CCN(C(=O)[C@H](N)CC(N)=O)C1,CC[C@]1(CCN(C1)C(=O)[C@@H](CC(=O)N)N)C(=O)[O-],0,decoy
COc1ccc([C@@H](O)Cc2[nH]cc[nH+]2)cc1Br,COc1ccc(cc1Br)[C@H](Cc2[nH]cc[nH+]2)O,0,decoy
CN(Cc1nc([O-])c2sccc2n1)C(=O)c1n[nH]cc1N,CN(Cc1nc2ccsc2c(n1)[O-])C(=O)c3c(c[nH]n3)N,0,decoy
COc1ccc2c(c1)C=C(C(=O)Nc1ccc3[nH]c(=O)[nH]c3c1)CO2,COc1ccc2c(c1)C=C(CO2)C(=O)Nc3ccc4c(c3)[nH]c(=O)[nH]4,0,decoy
CCO/C([O-])=C1/C(C)=Nc2nc(SCC)nc([O-])c2[C@H]1c1cccnc1,CCO/C(=C/1\[C@@H](c2c(nc(nc2[O-])SCC)N=C1C)c3cccnc3)/[O-],0,decoy
Cc1cnc(NC(=O)CCNc2ncnc3[nH]cnc23)s1,Cc1cnc(s1)NC(=O)CCNc2c3c([nH]cn3)ncn2,0,decoy
O=C1COc2cc(NC(=O)[C@@H]3C[C@H]3C(=O)[O-])c(Cl)cc2N1,c1c2c(cc(c1Cl)NC(=O)[C@@H]3C[C@H]3C(=O)[O-])OCC(=O)N2,0,decoy
CN1C[C@]2(CCN(C(=O)c3sccc3S([NH-])(=O)=O)C2)OC1=O,CN1C[C@]2(CCN(C2)C(=O)c3c(ccs3)S(=O)(=O)[NH-])OC1=O,0,decoy
C[C@@H]1NC(=O)C[C@@H](C)N(C[C@@H]2Cc3ccccc3O2)C1=O,C[C@@H]1CC(=O)N[C@H](C(=O)N1C[C@@H]2Cc3ccccc3O2)C,0,decoy
[NH3+]CCCCCCN[C@H]1N=C2C(=O)N=CN=C2N1[C@H]1O[C@@H](CO)[C@@H](O)[C@H]1O,C1=NC(=O)C2=N[C@@H](N(C2=N1)[C@@H]3[C@@H]([C@@H]([C@@H](O3)CO)O)O)NCCCCCC[NH3+],0,decoy
C[C@H](C(=O)N=c1[nH]c2ccccc2[nH]1)n1cnc2ccccc2c1=O,C[C@H](C(=O)N=c1[nH]c2ccccc2[nH]1)n3cnc4ccccc4c3=O,0,decoy
Cc1nnnn1-c1cccc(N[C@H]2CSCCC2(C)C)c1,Cc1nnnn1c2cccc(c2)N[C@H]3CSCCC3(C)C,0,decoy
CCCCNC(=O)N[C@@H]1C(=O)N2[C@@H]1SC(C)(C)[C@H]2C(=O)[O-],CCCCNC(=O)N[C@H]1[C@@H]2N(C1=O)[C@@H](C(S2)(C)C)C(=O)[O-],0,decoy
Cc1cccc(C2=NO[C@H]([C@H]3C=C(C(C)C)N=N3)N2)c1,Cc1cccc(c1)C2=NO[C@@H](N2)[C@H]3C=C(N=N3)C(C)C,0,decoy
Cc1ccn2/c(=N/C(=O)c3ccc(Cl)o3)[nH]nc2c1,Cc1ccn\2c(c1)n[nH]/c2=N\C(=O)c3ccc(o3)Cl,0,decoy
CCC(CC)N1C(=O)C[C@@H](N[C@H]2CC[C@H](C)[C@H](C)C2)C1=O,CCC(CC)N1C(=O)C[C@H](C1=O)N[C@H]2CC[C@@H]([C@@H](C2)C)C,0,decoy
NC[C@@H](Sc1nnc(C2CC2)n1C1CC1)c1ccsc1,c1cscc1[C@@H](CN)Sc2nnc(n2C3CC3)C4CC4,0,decoy
COc1ccc(Cl)c([N-]S(=O)(=O)c2cc(C(N)=O)n(C)c2)c1,Cn1cc(cc1C(=O)N)S(=O)(=O)[N-]c2cc(ccc2Cl)OC,0,decoy
Cc1ccc(C(=O)NCC(F)(F)F)cc1NC(=O)[C@@H]1CC=CC[C@@H]1C(=O)[O-],Cc1ccc(cc1NC(=O)[C@@H]2CC=CC[C@@H]2C(=O)[O-])C(=O)NCC(F)(F)F,0,decoy
Cc1ccc(-c2nnc(SCC(=O)N(C)C(c3ccccc3)c3ccccc3)n2N)cc1,Cc1ccc(cc1)c2nnc(n2N)SCC(=O)N(C)C(c3ccccc3)c4ccccc4,0,decoy
CNc1ccc2nc(-c3cc4c(s3)CCCCC4)[nH]c2n1,CNc1ccc2c(n1)[nH]c(n2)c3cc4c(s3)CCCCC4,0,decoy
Cc1ccc([N-]S(=O)(=O)c2cccnc2Nc2ccc(F)c(C)c2)cc1C,Cc1ccc(cc1C)[N-]S(=O)(=O)c2cccnc2Nc3ccc(c(c3)C)F,0,decoy
Cc1ccc2c(c1)nc(N)n2[C@H](C)c1nc(C)cs1,Cc1ccc2c(c1)nc(n2[C@H](C)c3nc(cs3)C)N,0,decoy
Cc1[nH]nc(C(=O)N[C@@H](C)CC(=O)c2cccs2)c1[N+](=O)[O-],Cc1c(c(n[nH]1)C(=O)N[C@@H](C)CC(=O)c2cccs2)[N+](=O)[O-],0,decoy
O=C1N/C(=N\N=C/[C@H]2CC=CCC2)S[C@H]1Cc1ccc(SC(F)F)cc1,c1cc(ccc1C[C@H]2C(=O)N/C(=N\N=C/[C@@H]3CCC=CC3)/S2)SC(F)F,0,decoy
O=S(=O)(c1ccccc1NCC1([O-])CCC1)C(F)(F)F,c1ccc(c(c1)NCC2(CCC2)[O-])S(=O)(=O)C(F)(F)F,0,decoy
Cc1cc2nc3c(=O)[nH]c(=O)n(-c4ccccc4C)c3nc2cc1N,Cc1ccccc1n2c3c(c(=O)[nH]c2=O)nc4cc(c(cc4n3)N)C,0,decoy
CC[NH2+][C@H](Cc1c(Br)c(C)nn1C)[C@@H]1CCCOC1,CC[NH2+][C@H](Cc1c(c(nn1C)C)Br)[C@@H]2CCCOC2,0,decoy
C[C@H]1C[C@@H](C)[C@H]([NH+]2CCO[C@H](C)C2)[C@H](O)C1,C[C@H]1C[C@H]([C@@H]([C@@H](C1)O)[NH+]2CCO[C@@H](C2)C)C,0,decoy
COc1cccc(C(=O)OCc2nn(-c3ccc(F)cc3)c3c2CCC3)c1O,COc1cccc(c1O)C(=O)OCc2c3c(n(n2)c4ccc(cc4)F)CCC3,0,decoy
CC(C)CCNC(=O)Nc1cnc2c(c1)c(=O)n(C)c(=O)n2C,CC(C)CCNC(=O)Nc1cc2c(nc1)n(c(=O)n(c2=O)C)C,0,decoy
CC[NH2+]C1CCC(O)([C@H]2CCC[C@@H](S(C)(=O)=O)C2)CC1,CC[NH2+]C1CCC(CC1)([C@H]2CCC[C@H](C2)S(=O)(=O)C)O,0,decoy
NC(=O)[C@@H]1CC(C(=O)N[C@H]2CCS(=O)(=O)C2)=NN1c1ccc(F)cc1,c1cc(ccc1N2[C@@H](CC(=N2)C(=O)N[C@H]3CCS(=O)(=O)C3)C(=O)N)F,0,decoy
O=C(Cc1nnc([O-])[nH]c1=O)N/N=C/c1ccc(F)cc1,c1cc(ccc1/C=N/NC(=O)Cc2c(=O)[nH]c(nn2)[O-])F,0,decoy
CCCOc1ccc(C(F)(F)F)cc1/N=C/c1cccc(Cl)c1O,CCCOc1ccc(cc1/N=C/c2cccc(c2O)Cl)C(F)(F)F,0,decoy
C/C(=C/N=C1/N=C([N-]c2ccc(Cl)c(Cl)c2)S1)NC(C)C,CC(C)N/C(=C\N=C/1\N=C(S1)[N-]c2ccc(c(c2)Cl)Cl)/C,0,decoy
CN(C)c1nccc(N[C@H]2C[C@H]3CC[C@@H]2C3)n1,CN(C)c1nccc(n1)N[C@H]2C[C@H]3CC[C@@H]2C3,0,decoy
COc1cc(/C=C2/C(=O)N(c3ccc(C)cc3C)C(=O)N=C2[O-])cc(OC)c1[O-],Cc1ccc(c(c1)C)N2C(=O)/C(=C/c3cc(c(c(c3)OC)[O-])OC)/C(=NC2=O)[O-],0,decoy
COc1ccccc1N1CCN([C@@H](c2cc3c(C)cc(C)cc3[nH]c2=O)c2nnnn2C2CCCCC2)CC1,Cc1cc(c2cc(c(=O)[nH]c2c1)[C@@H](c3nnnn3C4CCCCC4)N5CCN(CC5)c6ccccc6OC)C,0,decoy
COc1ccc(C[C@H](NC(=O)[C@@H]2C[C@H](NC(=O)Nc3ccc(F)cc3F)CN2C(=O)CC(C)(C)C)C(N)=O)cc1,CC(C)(C)CC(=O)N1C[C@H](C[C@H]1C(=O)N[C@@H](Cc2ccc(cc2)OC)C(=O)N)NC(=O)Nc3ccc(cc3F)F,0,decoy
C[C@H](NC(=O)c1ccccc1/N=C/c1c([O-])ccc2ccccc12)c1ccccc1,C[C@@H](c1ccccc1)NC(=O)c2ccccc2/N=C/c3c4ccccc4ccc3[O-],0,decoy
CC(C)[C@@H](C(=O)N[C@H]1CCC(=O)NC1=O)/C(N)=N/O,CC(C)[C@H](/C(=N/O)/N)C(=O)N[C@H]1CCC(=O)NC1=O,0,decoy
CCOC(=O)N(CC(=O)OC)CP(=O)([O-])[O-],CCOC(=O)N(CC(=O)OC)CP(=O)([O-])[O-],0,decoy
CC[C@]1(c2ccccc2)NC(=O)N(NC(=O)Cn2c([S-])nnc2-c2ccc(C)cc2)C1=O,CC[C@]1(C(=O)N(C(=O)N1)NC(=O)Cn2c(nnc2[S-])c3ccc(cc3)C)c4ccccc4,0,decoy
Oc1ccccc1C[NH+](CCN1CCCCC1)C[C@@H]1CCCN(C2CCCC2)C1,c1ccc(c(c1)C[NH+](CCN2CCCCC2)C[C@@H]3CCCN(C3)C4CCCC4)O,0,decoy
C[C@@H](NS(=O)(=O)/C=C/c1ccc(Cl)cc1)c1cc[nH+]cc1,C[C@H](c1cc[nH+]cc1)NS(=O)(=O)/C=C/c2ccc(cc2)Cl,0,decoy
CC1=C(c2ccc3c(c2)OCCO3)[C@@H](c2ccc(O[C@@H]3O[C@@H](CO)[C@@H](O)[C@@H](O)[C@H]3O)cc2O)[NH+]=N1,CC1=C([C@H]([NH+]=N1)c2ccc(cc2O)O[C@H]3[C@@H]([C@@H]([C@@H]([C@@H](O3)CO)O)O)O)c4ccc5c(c4)OCCO5,0,decoy
C[C@@H](NC(=O)[C@H]1COc2ccc(F)cc2C1)c1ccc(OC(F)F)cc1,C[C@H](c1ccc(cc1)OC(F)F)NC(=O)[C@@H]2Cc3cc(ccc3OC2)F,0,decoy
C[C@@H]1CN([C@@H]2CC[NH+]3CCCC[C@H]23)CCC[NH2+]1,C[C@@H]1CN(CCC[NH2+]1)[C@@H]2CC[NH+]3[C@@H]2CCCC3,0,decoy
C[C@H](NS(=O)(=O)c1c(NN)nc2sccn12)[C@H]1CCCO1,C[C@@H]([C@H]1CCCO1)NS(=O)(=O)c2c(nc3n2ccs3)NN,0,decoy
Cc1cc(Br)c2[nH]c([O-])c(/N=N/C(=O)c3ccc(Cl)cc3)c2c1,Cc1cc2c(c(c1)Br)[nH]c(c2/N=N/C(=O)c3ccc(cc3)Cl)[O-],0,decoy
COc1cc([C@@H]2C3=C(CCCC3=O)Nc3nnnn32)ccc1O,COc1cc(ccc1O)[C@@H]2C3=C(CCCC3=O)Nc4n2nnn4,0,decoy
COC[C@H](C)C(C)(C)[C@H]1CC[C@H](C)C[C@H]1Br,C[C@H]1CC[C@@H]([C@@H](C1)Br)C(C)(C)[C@@H](C)COC,0,decoy
Cc1cc2nc([C@@H](C)NC(=O)C[C@@H]3CCCO3)cc(O)n2n1,Cc1cc2nc(cc(n2n1)O)[C@@H](C)NC(=O)C[C@@H]3CCCO3,0,decoy
Cc1ccc(C)c2c(=O)cc(CSc3nnc(/N=C(\[O-])C4CCCCC4)s3)[nH]c12,Cc1ccc(c2c1c(=O)cc([nH]2)CSc3nnc(s3)/N=C(/C4CCCCC4)\[O-])C,0,decoy
Nc1c(I)cnn1Cc1cc(Cl)c2c(c1)OCCCO2,c1c(cc(c2c1OCCCO2)Cl)Cn3c(c(cn3)I)N,0,decoy
CC[C@@H]([NH3+])c1cccc(S(=O)(=O)N(C)Cc2cccs2)c1,CC[C@H](c1cccc(c1)S(=O)(=O)N(C)Cc2cccs2)[NH3+],0,decoy
O=S(=O)(NC1CCN(c2ncccn2)CC1)c1c[nH]cn1,c1cnc(nc1)N2CCC(CC2)NS(=O)(=O)c3c[nH]cn3,0,decoy
COC(=O)C[C@H]1C(=O)NCCN1C(=O)/C([O-])=N/c1cccc(F)c1,COC(=O)C[C@H]1C(=O)NCCN1C(=O)/C(=N/c2cccc(c2)F)/[O-],0,decoy
CC(C)(C)c1nc(CN2C(=O)N[C@](C)(c3ccc(F)cc3)C2=O)no1,C[C@]1(C(=O)N(C(=O)N1)Cc2nc(on2)C(C)(C)C)c3ccc(cc3)F,0,decoy
COc1ccc(OC)c([C@@H](C)N[C@@H]2CSCCC2(C)C)c1,C[C@H](c1cc(ccc1OC)OC)N[C@@H]2CSCCC2(C)C,0,decoy
Cc1ccc(N)cc1SCc1nnc(-c2cccs2)o1,Cc1ccc(cc1SCc2nnc(o2)c3cccs3)N,0,decoy
O=C1N=C([O-])[C@@H](CC(=O)N2CCOc3ccccc3C2)N1,c1ccc2c(c1)CN(CCO2)C(=O)C[C@@H]3C(=NC(=O)N3)[O-],0,decoy
C[C@@]1(C(=O)[O-])COC[C@@H]1NC(=O)Nc1ccsc1,C[C@]1(COC[C@@H]1NC(=O)Nc2ccsc2)C(=O)[O-],0,decoy
Cc1c(CC(=O)[O-])c(=O)oc2c(C)c(O[C@@H](C(=O)[O-])c3ccccc3)ccc12,Cc1c2ccc(c(c2oc(=O)c1CC(=O)[O-])C)O[C@H](c3ccccc3)C(=O)[O-],0,decoy
CCC(=O)N[C@@H]1CCC[NH+](Cc2nc([O-])c3cnn(C)c3n2)C1,CCC(=O)N[C@@H]1CCC[NH+](C1)Cc2nc3c(cnn3C)c(n2)[O-],0,decoy
Cc1c(S(=O)(=O)[N-]c2ccc([O-])nn2)c(N)nn1C,Cc1c(c(nn1C)N)S(=O)(=O)[N-]c2ccc(nn2)[O-],0,decoy
CCc1n[nH]c(C(=O)NC[C@H](C)COC)c1S(N)(=O)=O,CCc1c(c([nH]n1)C(=O)NC[C@H](C)COC)S(=O)(=O)N,0,decoy
Cc1nc(-c2ccc(S(=O)(=O)N3CCN(C4CCCCC4)CC3)cc2)co1,Cc1nc(co1)c2ccc(cc2)S(=O)(=O)N3CCN(CC3)C4CCCCC4,0,decoy
CN[C@@H](C)c1cccn1Cc1cc(C#N)ccc1F,C[C@@H](c1cccn1Cc2cc(ccc2F)C#N)NC,0,decoy
C[NH+](C)C1(CNC(=O)[C@H]2C[C@@H]3CCCC[C@@H]3N2)CCC1,C[NH+](C)C1(CCC1)CNC(=O)[C@H]2C[C@@H]3CCCC[C@@H]3N2,0,decoy
CN(Cc1ncn[nH]1)C(=O)N1CCC(CCC(=O)[O-])CC1,CN(Cc1[nH]ncn1)C(=O)N2CCC(CC2)CCC(=O)[O-],0,decoy
C=CCOC(=O)C1=C(C)Nc2[nH]c([O-])nc(=O)c2[C@H]1c1ccc2c(c1)OCO2,CC1=C([C@@H](c2c([nH]c(nc2=O)[O-])N1)c3ccc4c(c3)OCO4)C(=O)OCC=C,0,decoy
[S-]c1nnc(-c2ccc(Cl)cn2)[nH]1,c1cc(ncc1Cl)c2[nH]c(nn2)[S-],0,decoy
CN1c2ccc(F)cc2OC[C@@H]1CC(=O)Nc1nccs1,CN1c2ccc(cc2OC[C@@H]1CC(=O)Nc3nccs3)F,0,decoy
C[C@H](NC(=O)Nc1ccc(F)c(Cl)c1)c1ccc(NC(=O)NC2CC2)cc1,C[C@@H](c1ccc(cc1)NC(=O)NC2CC2)NC(=O)Nc3ccc(c(c3)Cl)F,0,decoy
Cc1nc(Oc2ccccc2)cc(-n2ncc(C#N)c2N)n1,Cc1nc(cc(n1)Oc2ccccc2)n3c(c(cn3)C#N)N,0,decoy
CS(=O)(=O)[C@H]1CCC[C@H]([NH+]2CCCC[C@@H]2CNC2CC2)C1,CS(=O)(=O)[C@H]1CCC[C@@H](C1)[NH+]2CCCC[C@@H]2CNC3CC3,0,decoy
Nc1nonc1-c1nnc2c(Cl)cc(C(F)(F)F)cn12,c1c(cn2c(c1Cl)nnc2c3c(non3)N)C(F)(F)F,0,decoy
C[C@@H]1CCCN(c2ncnc(Nc3nc4ccccc4s3)c2N)C1,C[C@@H]1CCCN(C1)c2c(c(ncn2)Nc3nc4ccccc4s3)N,0,decoy
[H]/N=C(/N)NN/C=C1\C(=O)N=C([O-])N(c2ccc(Br)cc2)C1=O,[H]/N=C(/N)\NN/C=C/1\C(=O)N=C(N(C1=O)c2ccc(cc2)Br)[O-],0,decoy
[NH3+]Cc1nc2cc(C(F)(F)F)ccc2n1Cc1ccco1,c1cc(oc1)Cn2c3ccc(cc3nc2C[NH3+])C(F)(F)F,0,decoy
CC(C)N(C)S(=O)(=O)[N-]c1nc(-c2cccc(N)c2)cs1,CC(C)N(C)S(=O)(=O)[N-]c1nc(cs1)c2cccc(c2)N,0,decoy
Cc1cc2c3c([nH]c2cc1S(=O)(=O)[N-]c1ccccc1Cl)CC(C)(C)CC3=O,Cc1cc2c(cc1S(=O)(=O)[N-]c3ccccc3Cl)[nH]c4c2C(=O)CC(C4)(C)C,0,decoy
C[C@H]([NH3+])[C@@H](c1ccccc1F)N1CCSC[C@@H]1S(C)(=O)=O,C[C@@H]([C@@H](c1ccccc1F)N2CCSC[C@@H]2S(=O)(=O)C)[NH3+],0,decoy
NS(=O)(=O)Cc1cccc([N-]S(=O)(=O)c2ccc(F)cc2F)c1,c1cc(cc(c1)[N-]S(=O)(=O)c2ccc(cc2F)F)CS(=O)(=O)N,0,decoy
O=C([O-])CCC[C@@H]1[NH2+]C[C@H]2CCC[NH+]3CCC[C@H]1[C@@H]23,C1C[C@@H]2C[NH2+][C@H]([C@@H]3[C@@H]2[NH+](C1)CCC3)CCCC(=O)[O-],0,decoy
O=C1CCCC2=C1[C@@H](c1ccc(C(F)(F)F)cc1)c1c([nH]c(=O)[nH]c1=O)N2,c1cc(ccc1[C@H]2c3c([nH]c(=O)[nH]c3=O)NC4=C2C(=O)CCC4)C(F)(F)F,0,decoy
CC(=O)Nc1ccc(NC(=O)[C@H](C)Sc2nc(N)c3c4c(sc3n2)C[C@@H](C)CC4)cc1,C[C@H]1CCc2c(sc3c2c(nc(n3)S[C@@H](C)C(=O)Nc4ccc(cc4)NC(=O)C)N)C1,0,decoy
CC1CCC(c2noc(-c3ccc(CC[NH3+])cc3)n2)CC1,CC1CCC(CC1)c2nc(on2)c3ccc(cc3)CC[NH3+],0,decoy
Cc1cc([C@@H](C#N)c2ccc(Cl)cc2)c(Cl)cc1Nc1[nH+]cnc(NCc2cccnc2)c1N,Cc1cc(c(cc1Nc2c(c(nc[nH+]2)NCc3cccnc3)N)Cl)[C@@H](C#N)c4ccc(cc4)Cl,0,decoy
CC(C)(C)c1nc([C@@H]2CN(Cc3nnsc3Cl)CCO2)n[nH]1,CC(C)(C)c1[nH]nc(n1)[C@@H]2CN(CCO2)Cc3c(snn3)Cl,0,decoy
Cc1cc([N-]S(=O)(=O)c2cc3c(=O)[nH]ncn3c2)ccc1F,Cc1cc(ccc1F)[N-]S(=O)(=O)c2cc3c(=O)[nH]ncn3c2,0,decoy
[O-]c1nnc(Cn2nc(Br)nc2Br)[nH]1,C(c1[nH]c(nn1)[O-])n2c(nc(n2)Br)Br,0,decoy
CC1(C)CC[C@@H]([NH3+])[C@@H](C(C)(C)C)C1,CC1(CC[C@H]([C@H](C1)C(C)(C)C)[NH3+])C,0,decoy
O=C([O-])CCCC1=NS(=O)(=O)c2cc(Cl)c(Cl)cc2[N-]1,c1c2c(cc(c1Cl)Cl)S(=O)(=O)N=C([N-]2)CCCC(=O)[O-],0,decoy
CCC(=O)CCc1c(C)cc2c(c1O)C(=O)c1c(OC)cc(OC)cc1C2=O,CCC(=O)CCc1c(cc2c(c1O)C(=O)c3c(cc(cc3OC)OC)C2=O)C,0,decoy
Cc1cc(Oc2cccc(Br)n2)n[nH]1,Cc1cc(n[nH]1)Oc2cccc(n2)Br,0,decoy
CCCc1cnc(C)nc1-c1cc(C)cc2c1O[C@@H](C[NH3+])C2,CCCc1cnc(nc1c2cc(cc3c2O[C@H](C3)C[NH3+])C)C,0,decoy
CCOc1ccc([C@@H]2Nc3c(OCC(C)C)cccc3[C@H]3C=CC[C@@H]32)cc1,CCOc1ccc(cc1)[C@H]2[C@H]3CC=C[C@@H]3c4cccc(c4N2)OCC(C)C,0,decoy
Cn1c([S-])nnc1Cc1csc(NC(=O)c2ccc[nH]c2=O)n1,Cn1c(nnc1[S-])Cc2csc(n2)NC(=O)c3ccc[nH]c3=O,0,decoy
BrCc1cc2c(s1)CCC2,c1c2c(sc1CBr)CCC2,0,decoy
COc1cc([O-])c2c(c1)CCC[C@@H](O)[C@@H](O)C(=O)/C=C/C[C@H](C)OC2=O,C[C@H]1C/C=C/C(=O)[C@@H]([C@@H](CCCc2cc(cc(c2C(=O)O1)[O-])OC)O)O,0,decoy
Cc1ccc([C@H](C)NC(=O)Nc2ccc([N-]S(C)(=O)=O)cc2)o1,Cc1ccc(o1)[C@H](C)NC(=O)Nc2ccc(cc2)[N-]S(=O)(=O)C,0,decoy
CCN1/C(=C/Cc2ccccc2[N-]S(=O)(=O)c2ccc(F)c(Cl)c2)Nc2ccccc21,CCN\1c2ccccc2N/C1=C\Cc3ccccc3[N-]S(=O)(=O)c4ccc(c(c4)Cl)F,0,decoy
CC[C@]1(C)C[C@H]([NH2+]C2CCN(CC(=O)NC)CC2)CCO1,CC[C@@]1(C[C@@H](CCO1)[NH2+]C2CCN(CC2)CC(=O)NC)C,0,decoy
CCC[C@H]1C[NH+](Cc2c(Br)c(CC)nn2C)[C@H](C)CCN1,CCC[C@H]1C[NH+]([C@@H](CCN1)C)Cc2c(c(nn2C)CC)Br,0,decoy
Cc1nc(/N=C(\[O-])c2cccc(CN3CCC[C@H]3C(N)=O)c2)n(C)n1,Cc1nc(n(n1)C)/N=C(/c2cccc(c2)CN3CCC[C@H]3C(=O)N)\[O-],0,decoy
COc1cc([C@H]2CC(=O)C3=C(C2)Nc2ccccc2N[C@H]3c2cccc(Br)c2)cc(OC)c1OC,COc1cc(cc(c1OC)OC)[C@@H]2CC3=C([C@@H](Nc4ccccc4N3)c5cccc(c5)Br)C(=O)C2,0,decoy
COc1ccc(OCc2nnc3ccc(NN)nn23)cc1,COc1ccc(cc1)OCc2nnc3n2nc(cc3)NN,0,decoy
CC[C@@H](C)[C@@H]1CN(C[C@@H]2CCOC2)C(C)(C)C[NH2+]1,CC[C@@H](C)[C@@H]1CN(C(C[NH2+]1)(C)C)C[C@@H]2CCOC2,0,decoy
Cc1cc(Cl)nc(N2CCC[C@@H](CO)C2)n1,Cc1cc(nc(n1)N2CCC[C@H](C2)CO)Cl,0,decoy
O=S(=O)(N[C@@H]1CC[NH2+]C1)c1cc(C(F)(F)F)ccc1Cl,c1cc(c(cc1C(F)(F)F)S(=O)(=O)N[C@@H]2CC[NH2+]C2)Cl,0,decoy
CC1CCN(c2nc(N)c(C(=S)Nc3ccc(Cl)c(Cl)c3)c(=O)[nH]2)CC1,CC1CCN(CC1)c2[nH]c(=O)c(c(n2)N)C(=S)Nc3ccc(c(c3)Cl)Cl,0,decoy
Nc1[nH]nc2nc(-c3ccc(Cl)c(Cl)c3)ccc12,c1cc(c(cc1c2ccc3c([nH]nc3n2)N)Cl)Cl,0,decoy
Cc1cc(N(C)CCn2[nH+]c(C)cc2C)n2nc(C)cc2n1,Cc1cc(n([nH+]1)CCN(C)c2cc(nc3n2nc(c3)C)C)C,0,decoy
O=C(CN1CCCc2ccccc21)NNC(=O)c1c[nH]c2cccc(F)c12,c1ccc2c(c1)CCCN2CC(=O)NNC(=O)c3c[nH]c4c3c(ccc4)F,0,decoy
CC[NH2+][C@@]1(CO)CCC[C@H](N2CCO[C@H]3CCCC[C@@H]32)C1,CC[NH2+][C@]1(CCC[C@@H](C1)N2CCO[C@@H]3[C@@H]2CCCC3)CO,0,decoy
C=CCOc1ccc(C(=O)NNC(=O)COc2c(Cl)cc(Cl)cc2Br)cc1,C=CCOc1ccc(cc1)C(=O)NNC(=O)COc2c(cc(cc2Br)Cl)Cl,0,decoy
O=C1NC(=O)/C(=C/C([O-])=N/c2ccc([N+](=O)[O-])cc2Cl)S1,c1cc(c(cc1[N+](=O)[O-])Cl)/N=C(/C=C\2/C(=O)NC(=O)S2)\[O-],0,decoy
Cc1nc(Sc2nc(NN)cn3ccnc23)n[nH]1,Cc1[nH]nc(n1)Sc2c3nccn3cc(n2)NN,0,decoy
Nc1cc([O-])nc2nnc(SCC(=O)N(C3CCCCC3)C3CCCCC3)n12,c1c(n2c(nc1[O-])nnc2SCC(=O)N(C3CCCCC3)C4CCCCC4)N,0,decoy
N#CC1=C([S-])N(c2cccc3ccccc23)[C@@H](c2ccccc2)NC1=O,c1ccc(cc1)[C@H]2NC(=O)C(=C(N2c3cccc4c3cccc4)[S-])C#N,0,decoy
CCC1(CO)CCN(S(=O)(=O)c2sc3c(c2C(=O)[O-])CCNC3)CC1,CCC1(CCN(CC1)S(=O)(=O)c2c(c3c(s2)CNCC3)C(=O)[O-])CO,0,decoy
CCC(=O)NNC(=O)CSc1nnc(CC)n1N,CCc1nnc(n1N)SCC(=O)NNC(=O)CC,0,decoy
Cc1ccc(-c2c(C(=O)[O-])sc3c2NC(=O)C[C@H]3c2ccccc2OC(C)C)cc1,Cc1ccc(cc1)c2c3c(sc2C(=O)[O-])[C@@H](CC(=O)N3)c4ccccc4OC(C)C,0,decoy
C=C[C@@](C)(O)CC/C=C(\C)CC/C=C(\C)CO[C@@H]1O[C@H](CO[C@@H]2O[C@@H](C)[C@H](O)[C@@H](O)[C@H]2O)[C@@H](O)[C@H](O)[C@H]1O,C[C@H]1[C@@H]([C@H]([C@H]([C@@H](O1)OC[C@@H]2[C@H]([C@@H]([C@H]([C@@H](O2)OC/C(=C/CC/C(=C/CC[C@@](C)(C=C)O)/C)/C)O)O)O)O)O)O,0,decoy
CS(=O)(=O)[C@@H]1CCC[C@@H]([NH2+]CC2(O)CCCCCC2)C1,CS(=O)(=O)[C@@H]1CCC[C@H](C1)[NH2+]CC2(CCCCCC2)O,0,decoy
C[C@H]1CC[C@@H](C(N)=O)CN1C(=O)CCc1cc(Cl)cs1,C[C@H]1CC[C@H](CN1C(=O)CCc2cc(cs2)Cl)C(=O)N,0,decoy
c1csc(-c2nccn2CC[C@H]2CCC[NH2+]C2)c1,c1cc(sc1)c2nccn2CC[C@H]3CCC[NH2+]C3,0,decoy
O=C([O-])[C@H]1CC[C@@H](NC(=O)N2CCn3ccnc3C2)C1,c1cn2c(n1)CN(CC2)C(=O)N[C@@H]3CC[C@@H](C3)C(=O)[O-],0,decoy
CCOc1ccc(NC(=O)[C@@H]2CC(=O)Nc3nc(C)nn32)cc1,CCOc1ccc(cc1)NC(=O)[C@@H]2CC(=O)Nc3n2nc(n3)C,0,decoy
CC1(C)CC(=O)c2c(nc3nc([O-])[nH]c(=O)c3c2-c2ccc([N+](=O)[O-])cc2)C1,CC1(Cc2c(c(c3c(=O)[nH]c(nc3n2)[O-])c4ccc(cc4)[N+](=O)[O-])C(=O)C1)C,0,decoy
CC(=O)c1ccc(F)c(-c2cc(C)cc3c2O[C@H](CNC(=O)C[NH+](C)C)C3)c1,Cc1cc2c(c(c1)c3cc(ccc3F)C(=O)C)O[C@@H](C2)CNC(=O)C[NH+](C)C,0,decoy
O=S(=O)([N-]c1ccc2n[nH]cc2c1)c1ccc2c(c1)OCCO2,c1cc2c(cc1[N-]S(=O)(=O)c3ccc4c(c3)OCCO4)c[nH]n2,0,decoy
O=C(NC[C@H]1CCCC[C@@H]1C(=O)[O-])c1nnn[n-]1,C1CC[C@@H]([C@H](C1)CNC(=O)c2[n-]nnn2)C(=O)[O-],0,decoy
Cc1cc(C)c(-c2csc(NC(=O)CSCc3nc4sc5c(c4c(=O)[nH]3)CCC5)n2)cc1C,Cc1cc(c(cc1C)c2csc(n2)NC(=O)CSCc3[nH]c(=O)c4c5c(sc4n3)CCC5)C,0,decoy
C[NH+](C)C[C@H]1C[C@@H](O)CN1Cc1csc(C(C)(C)C)n1,CC(C)(C)c1nc(cs1)CN2C[C@@H](C[C@@H]2C[NH+](C)C)O,0,decoy
Oc1c(Br)cc(Br)cc1/C=N/N1C([S-])=[NH+]N[C@@H]1[C@@H]1N=NC2=C1CCC2,c1c(cc(c(c1/C=N/N2[C@H](N[NH+]=C2[S-])[C@H]3C4=C(CCC4)N=N3)O)Br)Br,0,decoy
CC(C)(C)C1=C[C@@H](C(=O)N/N=C2/C(=O)N=C([O-])N=C2[O-])N=N1,CC(C)(C)C1=C[C@H](N=N1)C(=O)N/N=C/2\C(=NC(=NC2=O)[O-])[O-],0,decoy
CS(=O)(=O)[N-]c1cccc(NC(=O)NCCN2CCCOC2=O)c1,CS(=O)(=O)[N-]c1cccc(c1)NC(=O)NCCN2CCCOC2=O,0,decoy
CCN[C@H](Cc1cnn(C)c1)c1cc(Br)cs1,CCN[C@H](Cc1cnn(c1)C)c2cc(cs2)Br,0,decoy
C[C@@]1(C(=O)[O-])CCCN(C(=O)NCCCc2nc[nH]n2)C1,C[C@]1(CCCN(C1)C(=O)NCCCc2nc[nH]n2)C(=O)[O-],0,decoy
CC(C)(C)[C@@H]1CCc2c(sc(NC(=O)/C=C\c3ccc(F)cc3)c2C(N)=O)C1,CC(C)(C)[C@@H]1CCc2c(sc(c2C(=O)N)NC(=O)/C=C\c3ccc(cc3)F)C1,0,decoy
COc1cc([C@@H]2Nc3nonc3NC3=C2C(=O)CC(C)(C)C3)cc(Br)c1[O-],CC1(CC2=C([C@@H](Nc3c(non3)N2)c4cc(c(c(c4)Br)[O-])OC)C(=O)C1)C,0,decoy
Cn1ccc(NC(=O)N2CCN(c3ccc(O)cc3)CC2)n1,Cn1ccc(n1)NC(=O)N2CCN(CC2)c3ccc(cc3)O,0,decoy
CC(C)C[C@H](NC(N)=O)C(=O)N1CCCC[C@H]1C(=O)[O-],CC(C)C[C@@H](C(=O)N1CCCC[C@H]1C(=O)[O-])NC(=O)N,0,decoy
Nc1nc([O-])[nH]c(=O)c1/N=N/c1ccc(S(=O)(=O)[O-])cc1,c1cc(ccc1/N=N/c2c(nc([nH]c2=O)[O-])N)S(=O)(=O)[O-],0,decoy
Cc1ccc(S(=O)(=O)N[C@H](c2ccc(F)cc2)C(C)C)cc1[N+](=O)[O-],Cc1ccc(cc1[N+](=O)[O-])S(=O)(=O)N[C@H](c2ccc(cc2)F)C(C)C,0,decoy
CC[C@H](NCc1nnc(-c2ccc(Cl)cc2Cl)o1)c1ccc(Cl)cc1,CC[C@@H](c1ccc(cc1)Cl)NCc2nnc(o2)c3ccc(cc3Cl)Cl,0,decoy
CN1CCN(C(=O)Nc2snnc2C(=O)[O-])CC1,CN1CCN(CC1)C(=O)Nc2c(nns2)C(=O)[O-],0,decoy
N#Cc1cnc(Oc2ccc(N)c3ccccc23)cn1,c1ccc2c(c1)c(ccc2Oc3cnc(cn3)C#N)N,0,decoy
CC[NH2+][C@H](c1ccc2c(c1)CCC(=O)N2)[C@@H]1CCCCO1,CC[NH2+][C@H](c1ccc2c(c1)CCC(=O)N2)[C@@H]3CCCCO3,0,decoy
CC1=NC2=NC(N3CCOCC3)=[NH+][C@@H](c3cccc(O)c3)N2C([O-])=C1,CC1=NC2=NC(=[NH+][C@H](N2C(=C1)[O-])c3cccc(c3)O)N4CCOCC4,0,decoy
CN(Cc1nccn1C(F)F)C(=O)CC[C@@H]1NC(=O)N=C1[O-],CN(Cc1nccn1C(F)F)C(=O)CC[C@H]2C(=NC(=O)N2)[O-],0,decoy
O=C(CCNC(=O)c1nnc2ccnn2c1[O-])Nc1ccc(F)cc1,c1cc(ccc1NC(=O)CCNC(=O)c2c(n3c(ccn3)nn2)[O-])F,0,decoy
Nc1nc(C[NH+](Cc2ccco2)C2CC2)nc2sccc12,c1cc(oc1)C[NH+](Cc2nc(c3ccsc3n2)N)C4CC4,0,decoy
Cc1ccc(CN[C@H](C)c2ccc(Cl)cc2Cl)cc1Br,Cc1ccc(cc1Br)CN[C@H](C)c2ccc(cc2Cl)Cl,0,decoy
CC(=O)Nc1ccc(S(=O)(=O)[N-]c2ccc(C(=O)N3CCC(C(=O)NC(C)C)CC3)cc2)cc1,CC(C)NC(=O)C1CCN(CC1)C(=O)c2ccc(cc2)[N-]S(=O)(=O)c3ccc(cc3)NC(=O)C,0,decoy
COc1ccc(Br)c(/C=N\c2ccc(Nc3ccccc3)cc2)c1[O-],COc1ccc(c(c1[O-])/C=N\c2ccc(cc2)Nc3ccccc3)Br,0,decoy
O=[N+]([O-])c1ccc([O-])c2c1[C@@H]1C=CC[C@@H]1[C@@H](c1ccc(OCc3ccccc3)cc1)N2,c1ccc(cc1)COc2ccc(cc2)[C@@H]3[C@H]4CC=C[C@H]4c5c(ccc(c5N3)[O-])[N+](=O)[O-],0,decoy
Cc1ccsc1C[NH2+]CCSc1ccc(S(C)(=O)=O)cc1,Cc1ccsc1C[NH2+]CCSc2ccc(cc2)S(=O)(=O)C,0,decoy
Cc1ccc(CNc2ncnc(N[C@H](C)c3ccccc3)c2N)cc1,Cc1ccc(cc1)CNc2c(c(ncn2)N[C@H](C)c3ccccc3)N,0,decoy
COc1ccc(/C=N/Nc2ccc(I)cc2)c([O-])c1,COc1ccc(c(c1)[O-])/C=N/Nc2ccc(cc2)I,0,decoy
CN1C(=O)C[C@@H](C(=O)O)C12CCN(c1cc(C(=O)[O-])cc[nH+]1)CC2,CN1C(=O)C[C@H](C12CCN(CC2)c3cc(cc[nH+]3)C(=O)[O-])C(=O)O,0,decoy
CC1=C2[C@H]([C@@H]3C=NN=C3c3ccc(Cl)cc3)CC(=O)N[C@@H]2N(c2ccc(Cl)nn2)N1,CC1=C2[C@@H](CC(=O)N[C@@H]2N(N1)c3ccc(nn3)Cl)[C@@H]4C=NN=C4c5ccc(cc5)Cl,0,decoy
CCn1c(N)c(NC[C@@H]2CCCC[C@H]2CO)c(=O)[nH]c1=O,CCn1c(c(c(=O)[nH]c1=O)NC[C@@H]2CCCC[C@H]2CO)N,0,decoy
Cc1nnc2ccc(N3CC[C@H]4CC[C@@H](C3)N4C(C)C)nn12,Cc1nnc2n1nc(cc2)N3CC[C@H]4CC[C@@H](C3)N4C(C)C,0,decoy
CCC[NH2+][C@H](c1ccc(C)s1)[C@@H]1CN2CCC[C@@H]2CO1,CCC[NH2+][C@H](c1ccc(s1)C)[C@@H]2CN3CCC[C@@H]3CO2,0,decoy
c1csc(-c2nc([C@H]3CNCCO3)n[n-]2)c1,c1cc(sc1)c2[n-]nc(n2)[C@H]3CNCCO3,0,decoy
Brc1ccc(O[C@H]2CCOC2)c(C[NH2+]C2CC2)c1,c1cc(c(cc1Br)C[NH2+]C2CC2)O[C@H]3CCOC3,0,decoy
CCOC(=O)N1CCC[C@@H](C(=O)NC[C@@H](CC(C)C)[NH+](C)C)C1,CCOC(=O)N1CCC[C@H](C1)C(=O)NC[C@@H](CC(C)C)[NH+](C)C,0,decoy
CN(C)c1ccc(-c2ccc3[nH]ccc3c2)nn1,CN(C)c1ccc(nn1)c2ccc3c(c2)cc[nH]3,0,decoy
CCOc1ccc2nc(NC3=NCC(=O)N3)nc(C)c2c1,CCOc1ccc2c(c1)c(nc(n2)NC3=NCC(=O)N3)C,0,decoy
O=C1N=C([O-])[C@@H](c2cc(Cl)c3c(c2)OCCO3)N1,c1c(cc(c2c1OCCO2)Cl)[C@@H]3C(=NC(=O)N3)[O-],0,decoy
CCN(C1CCC2(CC1)OCCO2)[C@H]1CCCC[C@@H]1C[NH3+],CCN([C@H]1CCCC[C@@H]1C[NH3+])C2CCC3(CC2)OCCO3,0,decoy
CC[C@@H](Sc1nc([O-])cc(=O)[nH]1)/C([O-])=N/c1nnc(C(C)C)s1,CC[C@H](/C(=N/c1nnc(s1)C(C)C)/[O-])Sc2[nH]c(=O)cc(n2)[O-],0,decoy
CCC1(CC)C(=O)NC2(CCCC2)C(=O)N1CCC1CC1,CCC1(C(=O)NC2(CCCC2)C(=O)N1CCC3CC3)CC,0,decoy
CC[NH+](CC)c1ccc(/C=N\c2ccc(S(=O)(=O)N3CCCCCC3)cc2)c(O)c1,CC[NH+](CC)c1ccc(c(c1)O)/C=N\c2ccc(cc2)S(=O)(=O)N3CCCCCC3,0,decoy
C/C(=N\Nc1ccc(C(=O)[O-])cc1)c1ccc2c(c1)NC(=O)CO2,C/C(=N\Nc1ccc(cc1)C(=O)[O-])/c2ccc3c(c2)NC(=O)CO3,0,decoy
CC1=CC(=O)CC(C)(C)[C@@H]1CC[C@H](C)O[C@H]1O[C@@H](COC(=O)c2cc(O)c(O)c(O)c2)[C@@H](O)[C@@H](O)[C@H]1O,CC1=CC(=O)CC([C@@H]1CC[C@H](C)O[C@@H]2[C@@H]([C@@H]([C@@H]([C@@H](O2)COC(=O)c3cc(c(c(c3)O)O)O)O)O)O)(C)C,0,decoy
COc1cccc(/C=N/n2c([S-])nnc2-c2cc(C)[nH]n2)c1O,Cc1cc(n[nH]1)c2nnc(n2/N=C/c3cccc(c3O)OC)[S-],0,decoy
O=c1[nH]c2cc(Br)c([C@@H](O)c3ccc(F)cc3)cc2[nH]1,c1cc(ccc1[C@@H](c2cc3c(cc2Br)[nH]c(=O)[nH]3)O)F,0,decoy
CC1CCC(O)(CN[C@@H](C)C(=O)N2CCCCCC2)CC1,CC1CCC(CC1)(CN[C@@H](C)C(=O)N2CCCCCC2)O,0,decoy
CCOc1ccc(S(=O)(=O)[N-]c2ccc(S(=O)(=O)[N-]c3ncccn3)cc2)cc1,CCOc1ccc(cc1)S(=O)(=O)[N-]c2ccc(cc2)S(=O)(=O)[N-]c3ncccn3,0,decoy
CCN1CCN(Cc2c(O)ccc3c(Cc4ccccc4OC)noc23)CC1,CCN1CCN(CC1)Cc2c(ccc3c2onc3Cc4ccccc4OC)O,0,decoy
Nc1c(NN(c2ccccc2)c2ccccc2)ncnc1N1CCOCC1,c1ccc(cc1)N(c2ccccc2)Nc3c(c(ncn3)N4CCOCC4)N,0,decoy
CC[NH2+][C@@H](c1cc(Cl)ccc1F)c1cc(Br)ccc1OC,CC[NH2+][C@@H](c1cc(ccc1F)Cl)c2cc(ccc2OC)Br,0,decoy
CN(CC1CC([O-])C1)C(=O)N[C@H]1COC[C@H]1C(=O)[O-],CN(CC1CC(C1)[O-])C(=O)N[C@H]2COC[C@H]2C(=O)[O-],0,decoy
Cc1cccc(-n2c(=O)[nH]c([O-])c([C@H]3c4[nH]c5ccccc5c4CC[NH+]3C)c2=O)c1C,Cc1cccc(c1C)n2c(=O)c(c([nH]c2=O)[O-])[C@H]3c4c(c5ccccc5[nH]4)CC[NH+]3C,0,decoy
Cc1nn(C)c(C)c1-c1nc2nc(N)[nH]c(=O)c2[nH]1,Cc1c(c(n(n1)C)C)c2[nH]c3c(=O)[nH]c(nc3n2)N,0,decoy
Cn1c2nc(CN3CCN(Cc4ccccc4)CC3)nc-2c([O-])[nH]c1=O,Cn1c-2nc(nc2c([nH]c1=O)[O-])CN3CCN(CC3)Cc4ccccc4,0,decoy
CN(CC1CCOCC1)C(=O)N[C@H]1COC[C@H]1C(=O)[O-],CN(CC1CCOCC1)C(=O)N[C@H]2COC[C@H]2C(=O)[O-],0,decoy
O=C1/C(=C/Nc2ccccc2[N-]S(=O)(=O)c2ccccc2)CCc2ccccc21,c1ccc(cc1)S(=O)(=O)[N-]c2ccccc2N/C=C/3\CCc4ccccc4C3=O,0,decoy
Nc1c(S(=O)(=O)c2cccc(Cl)c2)c2nc3ccccc3nc2n1/N=C/c1ccccc1O,c1ccc(c(c1)/C=N/n2c(c(c3c2nc4ccccc4n3)S(=O)(=O)c5cccc(c5)Cl)N)O,0,decoy
CC(C)n1cc(-c2c3oc4c(O)c([O-])ccc4c3nc3c2c(O)nn3C(C)C)cn1,CC(C)n1cc(cn1)c2c3c(nc4c2oc5c4ccc(c5O)[O-])n(nc3O)C(C)C,0,decoy
CCCN[C@@H]1COC[C@H]1C(=O)N[C@@H](CCC(=O)[O-])C(=O)[O-],CCCN[C@@H]1COC[C@H]1C(=O)N[C@@H](CCC(=O)[O-])C(=O)[O-],0,decoy
CC(C)[NH2+][C@@H](C)[C@H](C)[C@@H]1CCO[C@]2(CCOC2)C1,C[C@H]([C@@H]1CCO[C@@]2(C1)CCOC2)[C@H](C)[NH2+]C(C)C,0,decoy
c1ccc(CNc2nc(NCc3ccc4c(c3)OCO4)nc3nccnc23)cc1,c1ccc(cc1)CNc2c3c(nccn3)nc(n2)NCc4ccc5c(c4)OCO5,0,decoy
CC1(C)C[C@](C#N)(N2CC[NH2+]CC2)C(C)(C)O1,CC1(C[C@](C(O1)(C)C)(C#N)N2CC[NH2+]CC2)C,0,decoy
Cc1cc(C)c(S(=O)(=O)N[C@H](C)C2C3CC4CC(C3)CC2C4)c(C)c1,Cc1cc(c(c(c1)C)S(=O)(=O)N[C@H](C)C2C3CC4CC(C3)CC2C4)C,0,decoy
Cn1c(Sc2ccc3c(c2)N=C([O-])C3=O)n[nH]c1=O,Cn1c(=O)[nH]nc1Sc2ccc3c(c2)N=C(C3=O)[O-],0,decoy
CC[C@H](C)[C@H](NC(=O)C1CCN(C(=O)[C@H](CC(C)C)NS(=O)(=O)c2ccc(C)cc2)CC1)C(=O)[O-],CC[C@H](C)[C@@H](C(=O)[O-])NC(=O)C1CCN(CC1)C(=O)[C@H](CC(C)C)NS(=O)(=O)c2ccc(cc2)C,0,decoy
CC(C)[C@H](C(=O)[O-])C1([O-])CCC1,CC(C)[C@H](C(=O)[O-])C1(CCC1)[O-],0,decoy
CC(C)(C)OC(=O)N1CCC[C@@H]2[NH2+]CCC[C@@H]21,CC(C)(C)OC(=O)N1CCC[C@H]2[C@@H]1CCC[NH2+]2,0,decoy
C[C@H]([N-]S(=O)(=O)c1cc(Cl)cc(N)c1Br)C(=O)N(C)C,C[C@@H](C(=O)N(C)C)[N-]S(=O)(=O)c1cc(cc(c1Br)N)Cl,0,decoy
Cc1ccc(NC(=O)c2ccc(OC[C@H]3CCCO3)c(Br)c2)cc1NC(=O)C1CC1,Cc1ccc(cc1NC(=O)C2CC2)NC(=O)c3ccc(c(c3)Br)OC[C@H]4CCCO4,0,decoy
CS(=O)(=O)[N-]c1ccc(Cl)c([N-]S(=O)(=O)c2c[nH]cn2)c1,CS(=O)(=O)[N-]c1ccc(c(c1)[N-]S(=O)(=O)c2c[nH]cn2)Cl,0,decoy
COc1cc(/C=C\C(=O)c2c([O-])cc(C)oc2=O)cc(Br)c1[O-],Cc1cc(c(c(=O)o1)C(=O)/C=C\c2cc(c(c(c2)Br)[O-])OC)[O-],0,decoy
Cc1nc2nc(N3CCCC[C@H]3C)nn2c([O-])c1CCC(=O)[O-],Cc1c(c(n2c(n1)nc(n2)N3CCCC[C@H]3C)[O-])CCC(=O)[O-],0,decoy
C#CC[C@H]1CCC[C@H](Br)C1,C#CC[C@H]1CCC[C@@H](C1)Br,0,decoy
[NH3+]Cc1cc(COc2ccc(Br)cc2F)on1,c1cc(c(cc1Br)F)OCc2cc(no2)C[NH3+],0,decoy
C[C@H](CNc1ncc(-c2cnccn2)c(-c2ccco2)n1)c1ccccc1,C[C@H](CNc1ncc(c(n1)c2ccco2)c3cnccn3)c4ccccc4,0,decoy
CCC[C@@H]([NH3+])c1nc(-c2cccc3ccccc23)no1,CCC[C@H](c1nc(no1)c2cccc3c2cccc3)[NH3+],0,decoy
CC(C)CNC(=O)N[C@@H](c1cccc(F)c1)c1[nH+]ccn1C,CC(C)CNC(=O)N[C@@H](c1cccc(c1)F)c2[nH+]ccn2C,0,decoy
Cc1cccc2sc(/N=C(\[O-])CSc3sc4c(=O)[nH]c([O-])nc4c3C#N)nc12,Cc1cccc2c1nc(s2)/N=C(/CSc3c(c4c(s3)c(=O)[nH]c(n4)[O-])C#N)\[O-],0,decoy
CC[NH2+][C@H](CCC(F)(F)F)[C@@H]1CCC[C@H](S(C)(=O)=O)C1,CC[NH2+][C@H](CCC(F)(F)F)[C@@H]1CCC[C@@H](C1)S(=O)(=O)C,0,decoy
COc1ccc2[nH]cc(C(=O)[O-])/c(=N/c3cccc(C(F)(F)F)c3)c2c1,COc1ccc2c(c1)/c(=N\c3cccc(c3)C(F)(F)F)/c(c[nH]2)C(=O)[O-],0,decoy
CCC[C@H](C(=O)N1C[C@H]2CCCC[NH+]2C[C@@H]1C)C(N)=S,CCC[C@@H](C(=S)N)C(=O)N1C[C@H]2CCCC[NH+]2C[C@@H]1C,0,decoy
CC(C)(C)[C@H](NC(=O)N1CCNC(=O)CC1)C(=O)[O-],CC(C)(C)[C@@H](C(=O)[O-])NC(=O)N1CCC(=O)NCC1,0,decoy
Cc1ccc(N/N=C/c2cc(Br)cc(Br)c2O)cc1Cl,Cc1ccc(cc1Cl)N/N=C/c2cc(cc(c2O)Br)Br,0,decoy
O=C(CCC1CCCCC1)NCCCN1CCN(CCCNC(=O)CCC2CCCCC2)CC1,C1CCC(CC1)CCC(=O)NCCCN2CCN(CC2)CCCNC(=O)CCC3CCCCC3,0,decoy
CC(=O)N1CCN(C(=O)NC(=O)/C(C)=C(/C)C(=O)[O-])CC1,C/C(=C(\C)/C(=O)[O-])/C(=O)NC(=O)N1CCN(CC1)C(=O)C,0,decoy
CC(C)c1ccc(-c2noc(-c3n[nH]c(N)n3)n2)cc1,CC(C)c1ccc(cc1)c2nc(on2)c3nc([nH]n3)N,0,decoy
CCCN(CC(=O)N(CCc1c[nH]c2ccccc12)Cc1ccc(F)cc1)C(=O)NC1CCCCC1,CCCN(CC(=O)N(CCc1c[nH]c2c1cccc2)Cc3ccc(cc3)F)C(=O)NC4CCCCC4,0,decoy
Cc1nc2cc([N-]S(=O)(=O)N(C)CCC(=O)[O-])ccc2o1,Cc1nc2cc(ccc2o1)[N-]S(=O)(=O)N(C)CCC(=O)[O-],0,decoy
O=C([O-])[C@H]1c2ccccc2CCN1/C([O-])=N/c1nncs1,c1ccc2c(c1)CCN([C@H]2C(=O)[O-])/C(=N/c3nncs3)/[O-],0,decoy
CCC[NH2+][C@@H](c1occc1Br)[C@H]1CCC[C@H](CC)C1,CCC[NH2+][C@@H](c1c(cco1)Br)[C@H]2CCC[C@@H](C2)CC,0,decoy
CC(C)[C@H](NS(=O)(=O)/C=C/c1ccccc1)C(=O)OCC(=O)NC(c1ccccc1)c1ccccc1,CC(C)[C@@H](C(=O)OCC(=O)NC(c1ccccc1)c2ccccc2)NS(=O)(=O)/C=C/c3ccccc3,0,decoy
O=C1N=C([O-])N=C2C1=N[C@@H](Br)N2[C@@H]1O[C@@H](CO)[C@@H](O)[C@@H]1O,C([C@H]1[C@H]([C@@H]([C@@H](O1)N2[C@@H](N=C3C2=NC(=NC3=O)[O-])Br)O)O)O,0,decoy
CCOCCCN(C(=O)c1ccc(-c2ccccc2)[nH]1)[C@@H](C(=O)NC1CCCC1)c1ccc(OC)cc1,CCOCCCN([C@H](c1ccc(cc1)OC)C(=O)NC2CCCC2)C(=O)c3ccc([nH]3)c4ccccc4,0,decoy
O=C(NNC(=O)[C@@H]1CC(c2cccs2)=NO1)Nc1ccc(Cl)cc1,c1cc(sc1)C2=NO[C@@H](C2)C(=O)NNC(=O)Nc3ccc(cc3)Cl,0,decoy
O=[N+]([O-])c1cccc(S(=O)(=O)[N-]/N=C/c2c[nH]nc2-c2ccc(Cl)cc2)c1,c1cc(cc(c1)S(=O)(=O)[N-]/N=C/c2c[nH]nc2c3ccc(cc3)Cl)[N+](=O)[O-],0,decoy
O=C1N[C@H](C(=O)N2C[C@H](C(=O)[O-])Oc3ccccc32)CS1,c1ccc2c(c1)N(C[C@@H](O2)C(=O)[O-])C(=O)[C@@H]3CSC(=O)N3,0,decoy
Oc1ccc([C@@H]2Nc3c(OCc4ccccc4)cccc3[C@@H]3C=CC[C@H]32)cc1,c1ccc(cc1)COc2cccc3c2N[C@H]([C@H]4[C@H]3C=CC4)c5ccc(cc5)O,0,decoy
O=C(COc1ccc2c(c1)[C@H](c1ccccc1)[NH+](Cc1ccccc1)CC2)NC1CC1,c1ccc(cc1)C[NH+]2CCc3ccc(cc3[C@@H]2c4ccccc4)OCC(=O)NC5CC5,0,decoy
CSc1nc(N)c2c(n1)NC1=C(C(=O)CC(C)(C)C1)[C@@H]2c1ccncc1,CC1(CC2=C([C@@H](c3c(nc(nc3N2)SC)N)c4ccncc4)C(=O)C1)C,0,decoy
COc1ccc(OC)c([C@@H]2C(C(=O)OC3CCCC3)=C(C)NC3=C2C(=O)C[C@@H](c2ccc(OC)c(OC)c2)C3)c1,CC1=C([C@H](C2=C(N1)C[C@@H](CC2=O)c3ccc(c(c3)OC)OC)c4cc(ccc4OC)OC)C(=O)OC5CCCC5,0,decoy
CN(C)CCC[NH2+]CCC[NH2+]CCC[NH2+]CCCNC(=O)/C=N/O,CN(C)CCC[NH2+]CCC[NH2+]CCC[NH2+]CCCNC(=O)/C=N/O,0,decoy
COC(=O)[C@H](Oc1cc(F)cc(F)c1)C1CC1,COC(=O)[C@@H](C1CC1)Oc2cc(cc(c2)F)F,0,decoy
CN1C(=O)N(C)[C@@H](N)C(C(=O)CSc2ncn[n-]2)=C1[O-],CN1[C@H](C(=C(N(C1=O)C)[O-])C(=O)CSc2[n-]ncn2)N,0,decoy
Nc1nc(-c2nnc(N)n2N)n[nH]1,c1(nc([nH]n1)N)c2nnc(n2N)N,0,decoy
COc1ncnc2c1nc(N)n2[C@H]1CN2CCC1CC2,COc1c2c(ncn1)n(c(n2)N)[C@H]3CN4CCC3CC4,0,decoy
C[C@@H]1CC(OC(=O)C2CCC(C[NH3+])CC2)C[C@@H](C)O1,C[C@@H]1CC(C[C@H](O1)C)OC(=O)C2CCC(CC2)C[NH3+],0,decoy
CCCCN1C(=O)c2n[nH]c(-c3cc(C)cc(C)c3[O-])c2[C@H]1c1ccc(CC)cc1,CCCCN1[C@@H](c2c([nH]nc2C1=O)c3cc(cc(c3[O-])C)C)c4ccc(cc4)CC,0,decoy
NC(=O)NC(=O)CCSc1nnc(-c2cccs2)n1N,c1cc(sc1)c2nnc(n2N)SCCC(=O)NC(=O)N,0,decoy
C[C@H](Oc1ccc2ccccc2c1)C(=O)N/N=C(/[S-])NC(=O)c1ccco1,C[C@@H](C(=O)N/N=C(\NC(=O)c1ccco1)/[S-])Oc2ccc3ccccc3c2,0,decoy
[O-]C1CC(Nc2nc(Cl)nc(N3CCCCC3)n2)C1,C1CCN(CC1)c2nc(nc(n2)Cl)NC3CC(C3)[O-],0,decoy
C(=N/Nc1ncnc2sc3c(c12)CCCC3)\c1ccco1,c1cc(oc1)/C=N/Nc2c3c4c(sc3ncn2)CCCC4,0,decoy
Cn1c(C[NH3+])nnc1SCc1cc(F)ccc1Br,Cn1c(nnc1SCc2cc(ccc2Br)F)C[NH3+],0,decoy
c1csc(-c2noc(-c3cc4ccccc4[nH]3)n2)c1,c1ccc2c(c1)cc([nH]2)c3nc(no3)c4cccs4,0,decoy
Cc1n[nH]c(-c2ccc(NCc3cn[nH]c3-c3ccc4c(c3)OCCO4)cc2)n1,Cc1nc([nH]n1)c2ccc(cc2)NCc3cn[nH]c3c4ccc5c(c4)OCCO5,0,decoy
C[C@@H]1[C@@H](C)CCCN1c1n[nH]c(=S)n1C1CCCCC1,C[C@H]1CCCN([C@@H]1C)c2n[nH]c(=S)n2C3CCCCC3,0,decoy
CCO[C@@H](C)c1nc(N)c(I)c(CC)[nH+]1,CCc1c(c(nc([nH+]1)[C@H](C)OCC)N)I,0,decoy
CN(CC1CC([O-])C1)C(=O)N[C@H]1COC[C@]1(C)C(=O)[O-],C[C@@]1(COC[C@@H]1NC(=O)N(C)CC2CC(C2)[O-])C(=O)[O-],0,decoy
CC(C)[C@H](C)NS(=O)(=O)c1ccc(F)cc1C#CCO,C[C@@H](C(C)C)NS(=O)(=O)c1ccc(cc1C#CCO)F,0,decoy
C[C@@H](CNC(=O)Nc1nnc2ccccn12)CC1(C)OCCO1,C[C@H](CC1(OCCO1)C)CNC(=O)Nc2nnc3n2cccc3,0,decoy
Cc1cc(C(=O)Oc2ccc3c(c2)CCC(=O)N3)c(C)o1,Cc1cc(c(o1)C)C(=O)Oc2ccc3c(c2)CCC(=O)N3,0,decoy
O=C([O-])[C@@H]1[C@H]2C=C[C@@H]([C@@H]1C(=O)O)[C@H]1[C@H](C(=O)[O-])[C@H](C(=O)O)[C@@H]21,C1=C[C@H]2[C@H]3[C@@H]([C@@H]1[C@@H]([C@@H]2C(=O)[O-])C(=O)O)[C@@H]([C@@H]3C(=O)O)C(=O)[O-],0,decoy
CN(C(=O)CSc1nc(N)cc(N)n1)[C@@H]1CCS(=O)(=O)C1,CN([C@@H]1CCS(=O)(=O)C1)C(=O)CSc2nc(cc(n2)N)N,0,decoy
O=c1ccc2c(n1CC1CC1)CC[C@H]([NH2+]Cc1nccs1)C2,c1cc(=O)n(c2c1C[C@H](CC2)[NH2+]Cc3nccs3)CC4CC4,0,decoy
Cc1nn(C)c(C)c1[C@@H]1SCC(O)=Nc2c1c(O)nn2C(C)C,Cc1c(c(n(n1)C)C)[C@H]2c3c(nn(c3N=C(CS2)O)C(C)C)O,0,decoy
Cn1c([S-])nnc1Cc1csc(/N=C(\[O-])c2ccc[nH]c2=O)n1,Cn1c(nnc1[S-])Cc2csc(n2)/N=C(/c3ccc[nH]c3=O)\[O-],0,decoy
Nc1ccc(F)c(-c2nnc3n2CCC3)c1,c1cc(c(cc1N)c2nnc3n2CCC3)F,0,decoy
Cc1ccc([O-])c(/N=C/c2cc(I)ccc2O)c1,Cc1ccc(c(c1)/N=C/c2cc(ccc2O)I)[O-],0,decoy
CCC[NH2+][C@H](c1ccc(OC)cc1)c1ccc(Br)s1,CCC[NH2+][C@H](c1ccc(cc1)OC)c2ccc(s2)Br,0,decoy
CC[C@H]1C(=O)NC(=O)CN1C(=O)c1cc(Cl)c(Cl)[n-]1,CC[C@H]1C(=O)NC(=O)CN1C(=O)c2cc(c([n-]2)Cl)Cl,0,decoy
CSCc1noc(CN2C(=O)NC3(CCNCC3)C2=O)n1,CSCc1nc(on1)CN2C(=O)C3(CCNCC3)NC2=O,0,decoy
Nc1cc(F)c(F)cc1-c1nc(-c2ccco2)no1,c1cc(oc1)c2nc(on2)c3cc(c(cc3N)F)F,0,decoy
O=C(c1cc[nH]n1)N1CCC(c2nnc([S-])n2C2CC2)CC1,c1c[nH]nc1C(=O)N2CCC(CC2)c3nnc(n3C4CC4)[S-],0,decoy
CC(C)c1ccc(NC(=O)CSc2ccc(NCc3ccc(Cl)cc3)nn2)cc1,CC(C)c1ccc(cc1)NC(=O)CSc2ccc(nn2)NCc3ccc(cc3)Cl,0,decoy
COc1ccc(C2=[NH+]O[C@H]([C@@H]3C=C(C(C)C)N=N3)N2)cc1OC,CC(C)C1=C[C@H](N=N1)[C@@H]2NC(=[NH+]O2)c3ccc(c(c3)OC)OC,0,decoy
Clc1ccc(N2N[C@@H](C3CC3)[NH2+][C@@H]2Cc2nnn[n-]2)cc1,c1cc(ccc1N2[C@H]([NH2+][C@@H](N2)C3CC3)Cc4[n-]nnn4)Cl,0,decoy
[NH3+]CC#Cc1cc(F)ccc1S(=O)(=O)[N-]c1nncs1,c1cc(c(cc1F)C#CC[NH3+])S(=O)(=O)[N-]c2nncs2,0,decoy
CC[NH+]1CCC[C@@H]1CNC(=O)CCCc1nc(C(C)(C)C)no1,CC[NH+]1CCC[C@@H]1CNC(=O)CCCc2nc(no2)C(C)(C)C,0,decoy
O=[N+]([O-])c1ccc(N/N=C2/C([O-])=Nc3ccc(Br)cc32)c([N+](=O)[O-])c1,c1cc(c(cc1[N+](=O)[O-])[N+](=O)[O-])N/N=C/2\c3cc(ccc3N=C2[O-])Br,0,decoy
CCOc1ccc(Nc2nc([O-])c3c(-c4ccsc4)ccnc3n2)cc1,CCOc1ccc(cc1)Nc2nc3c(c(ccn3)c4ccsc4)c(n2)[O-],0,decoy
CCCCCN1C(=O)c2n[nH]c(-c3cc(C)cc(C)c3[O-])c2[C@@H]1c1ccccc1F,CCCCCN1[C@H](c2c([nH]nc2C1=O)c3cc(cc(c3[O-])C)C)c4ccccc4F,0,decoy
O=C(N[C@@H](Cc1ccccc1)C(=O)NC1CCCCC1)c1nnc2ccnn2c1[O-],c1ccc(cc1)C[C@@H](C(=O)NC2CCCCC2)NC(=O)c3c(n4c(ccn4)nn3)[O-],0,decoy
Cc1ccc2nc([N-]S(=O)(=O)c3c(N)ncn3C)sc2c1,Cc1ccc2c(c1)sc(n2)[N-]S(=O)(=O)c3c(ncn3C)N,0,decoy
CC[C@H](C)[C@@H](NC(=O)CNC(=O)CCc1c(C)c2cc3c(C)coc3cc2oc1=O)C(=O)[O-],CC[C@H](C)[C@H](C(=O)[O-])NC(=O)CNC(=O)CCc1c(c2cc3c(coc3cc2oc1=O)C)C,0,decoy
C[C@H](NC(=O)c1cccn1C)c1cccc(S(N)(=O)=O)c1,C[C@@H](c1cccc(c1)S(=O)(=O)N)NC(=O)c2cccn2C,0,decoy
Cc1nn(C)c(C)c1[C@@H]1[NH2+]C[C@H](C)CS1,Cc1c(c(n(n1)C)C)[C@@H]2[NH2+]C[C@@H](CS2)C,0,decoy
C[C@H]([NH2+][C@H]1CCN(C(=O)OC(C)(C)C)C1)c1cccs1,C[C@@H](c1cccs1)[NH2+][C@H]2CCN(C2)C(=O)OC(C)(C)C,0,decoy
CCCCCCC1=C(c2ccccc2)N/C(=C2/C=CC=CC2=O)N1[O-],CCCCCCC1=C(N/C(=C\2/C=CC=CC2=O)/N1[O-])c3ccccc3,0,decoy
CC(C)Oc1ccccc1[C@H]1C(C#N)=C(N)Oc2n[nH]c(-c3ccc(F)cc3)c21,CC(C)Oc1ccccc1[C@@H]2c3c([nH]nc3OC(=C2C#N)N)c4ccc(cc4)F,0,decoy
O=C1Nc2ccc([N+](=O)[O-])cc2NC(=O)[C@H]2CC=CC[C@H]12,c1cc2c(cc1[N+](=O)[O-])NC(=O)[C@H]3CC=CC[C@@H]3C(=O)N2,0,decoy
CCCN1C(=O)c2ccccc2N[C@@H]1c1cccc(OC[C@@H]2CCCO2)c1,CCCN1[C@H](Nc2ccccc2C1=O)c3cccc(c3)OC[C@@H]4CCCO4,0,decoy
COc1ccc([O-])c(/C=N\NC(=O)[C@H](C)Oc2ccc(Cl)cc2Cl)c1,C[C@@H](C(=O)N/N=C\c1cc(ccc1[O-])OC)Oc2ccc(cc2Cl)Cl,0,decoy
[H]/N=C1\NC[C@@H](c2ccc(O)cc2)N1c1cccc(Br)c1,[H]/N=C/1\NC[C@H](N1c2cccc(c2)Br)c3ccc(cc3)O,0,decoy
Cc1cc(S(=O)(=O)NCCS(C)(=O)=O)cc(N)c1C,Cc1cc(cc(c1C)N)S(=O)(=O)NCCS(=O)(=O)C,0,decoy
CCCN1C(=O)N=C(N)[C@@H]1c1cc(Br)c([O-])c(OC)c1,CCCN1[C@H](C(=NC1=O)N)c2cc(c(c(c2)Br)[O-])OC,0,decoy
CN(Cc1cccc(F)c1)c1nc2ccccn2c1C[NH3+],CN(Cc1cccc(c1)F)c2c(n3ccccc3n2)C[NH3+],0,decoy
CCc1c(N)nnn1Cc1cn2c(C)cc(C)nc2n1,CCc1c(nnn1Cc2cn3c(cc(nc3n2)C)C)N,0,decoy
CC[C@@H](C)[C@H](C)NC(=O)c1cc(Br)cn1C(C)C,CC[C@@H](C)[C@H](C)NC(=O)c1cc(cn1C(C)C)Br,0,decoy
CCc1ccc(/N=C2/N=C([O-])/C(=C/c3cc(Cl)c(O)c(OC)c3)S2)cc1,CCc1ccc(cc1)/N=C\2/N=C(/C(=C/c3cc(c(c(c3)Cl)O)OC)/S2)[O-],0,decoy
C#CCOc1ccc(/C=C2\C(=O)N(c3ccc(C(=O)[O-])cc3)C(=O)N=C2[O-])cc1,C#CCOc1ccc(cc1)/C=C\2/C(=NC(=O)N(C2=O)c3ccc(cc3)C(=O)[O-])[O-],0,decoy
Cc1ccc(OCC#CCNS(=O)(=O)c2cccc(Cl)c2)c[nH+]1,Cc1ccc(c[nH+]1)OCC#CCNS(=O)(=O)c2cccc(c2)Cl,0,decoy
C[C@H]1CCCN(S(=O)(=O)N2CCO[C@H](/C(N)=N/O)C2)C1,C[C@H]1CCCN(C1)S(=O)(=O)N2CCO[C@@H](C2)/C(=N/O)/N,0,decoy
BrCCN1CC[C@@H]2CCCC[C@H]2C1,C1CC[C@H]2CN(CC[C@@H]2C1)CCBr,0,decoy
COc1ccc(-n2c(NN)nc3sc4c(c3c2=O)CC(C)(C)OC4)cc1,CC1(Cc2c(sc3c2c(=O)n(c(n3)NN)c4ccc(cc4)OC)CO1)C,0,decoy
CC1=C(C#N)C([O-])=NC(=O)/C1=C\Nc1cc(Cl)ccc1O,CC\1=C(C(=NC(=O)/C1=C\Nc2cc(ccc2O)Cl)[O-])C#N,0,decoy
CNS(=O)(=O)c1ccc(-c2nc(-c3cc[nH+]cc3)no2)cc1,CNS(=O)(=O)c1ccc(cc1)c2nc(no2)c3cc[nH+]cc3,0,decoy
CN([C@@H]1CCCC[C@@H]1C[NH3+])S(=O)(=O)c1ccc(F)c(F)c1,CN([C@@H]1CCCC[C@@H]1C[NH3+])S(=O)(=O)c2ccc(c(c2)F)F,0,decoy
Cn1ncc(-c2nc([C@H]3C[C@H]4CC[C@@H]3O4)no2)c1N,Cn1c(c(cn1)c2nc(no2)[C@H]3C[C@H]4CC[C@@H]3O4)N,0,decoy
CCc1[nH+]c(C)nc(N2CCN(CC(C)(C)O)CC2)c1Cc1ccc(C)cc1,CCc1c(c(nc([nH+]1)C)N2CCN(CC2)CC(C)(C)O)Cc3ccc(cc3)C,0,decoy
CC1=C2[C@H](c3ccc(C(F)(F)F)cc3)CC(=O)N[C@@H]2N(c2ccc(O)nn2)N1,CC1=C2[C@@H](CC(=O)N[C@@H]2N(N1)c3ccc(nn3)O)c4ccc(cc4)C(F)(F)F,0,decoy
CNCc1cc(Br)ccc1OCc1cccnc1,CNCc1cc(ccc1OCc2cccnc2)Br,0,decoy
Clc1nc(Cl)nc(N[C@@H]2CCN(C3CC3)C2)n1,C1CN(C[C@@H]1Nc2nc(nc(n2)Cl)Cl)C3CC3,0,decoy
O=S(=O)(Cc1ccccc1)[N-]c1ccc(S(=O)(=O)[N-]c2ncccn2)cc1,c1ccc(cc1)CS(=O)(=O)[N-]c2ccc(cc2)S(=O)(=O)[N-]c3ncccn3,0,decoy
Cc1cc([C@H](Br)CC[C@H]2CCCO2)cc(C)c1F,Cc1cc(cc(c1F)C)[C@@H](CC[C@H]2CCCO2)Br,0,decoy
Cc1cc(C)nc(N/N=C/c2ccc3c(c2)OCO3)n1,Cc1cc(nc(n1)N/N=C/c2ccc3c(c2)OCO3)C,0,decoy
C[C@@H]1NC(=O)[C@H]2CN(C(=O)NC3CCCCC3)CCN2C1=O,C[C@H]1C(=O)N2CCN(C[C@@H]2C(=O)N1)C(=O)NC3CCCCC3,0,decoy
CC(C)NC(=O)[C@H](C)[NH+](C)C1CCC2(CC1)OCCO2,C[C@@H](C(=O)NC(C)C)[NH+](C)C1CCC2(CC1)OCCO2,0,decoy
O=C1CN(C(=O)CC/C([O-])=N/c2nncs2)CCN1,c1nnc(s1)/N=C(/CCC(=O)N2CCNC(=O)C2)\[O-],0,decoy
CC(C)Sc1nc(N)c2c3c(sc2n1)COC(C)(C)C3,CC(C)Sc1nc(c2c3c(sc2n1)COC(C3)(C)C)N,0,decoy
C[C@H]1C[NH+](C(C)(C)CNC(=O)[C@@H]2CCCN(c3ncccn3)C2)C[C@H](C)O1,C[C@H]1C[NH+](C[C@@H](O1)C)C(C)(C)CNC(=O)[C@@H]2CCCN(C2)c3ncccn3,0,decoy
C[C@H]([NH3+])[C@H](c1ccc(Cl)cc1)N(C)[C@@H]1CCS(=O)(=O)C1,C[C@@H]([C@H](c1ccc(cc1)Cl)N(C)[C@@H]2CCS(=O)(=O)C2)[NH3+],0,decoy
CCOc1cc(/C=C/C(=O)[O-])cc(I)c1OCC(N)=O,CCOc1cc(cc(c1OCC(=O)N)I)/C=C/C(=O)[O-],0,decoy
Cc1cccc(O[C@@H](C)CNc2ccc(Oc3ccccc3)cc2)c1,Cc1cccc(c1)O[C@@H](C)CNc2ccc(cc2)Oc3ccccc3,0,decoy
Cc1ccc(Br)cc1[N-]S(=O)(=O)c1cnn(CC(=O)[O-])c1,Cc1ccc(cc1[N-]S(=O)(=O)c2cnn(c2)CC(=O)[O-])Br,0,decoy
CC[NH2+][C@H](C)CCS(=O)(=O)c1cccc(Br)c1,CC[NH2+][C@H](C)CCS(=O)(=O)c1cccc(c1)Br,0,decoy
O=C(CN1CCO[C@H](C(=O)[O-])C1)N[C@H]1CCS(=O)(=O)C1,C1CS(=O)(=O)C[C@H]1NC(=O)CN2CCO[C@@H](C2)C(=O)[O-],0,decoy
[O-]c1ccc2ccccc2c1/C=[NH+]/[N-]c1nnc(-c2ncc[nH]2)c2ccccc12,c1ccc2c(c1)ccc(c2/C=[NH+]/[N-]c3c4ccccc4c(nn3)c5[nH]ccn5)[O-],0,decoy
CC(C)(C)c1ccc2c(c1)O[C@@H](C(=O)N/N=C\c1cc([O-])ccc1[N+](=O)[O-])CO2,CC(C)(C)c1ccc2c(c1)O[C@H](CO2)C(=O)N/N=C\c3cc(ccc3[N+](=O)[O-])[O-],0,decoy
O=C([O-])Cc1ccc([N-]S(=O)(=O)[C@H]2CCS(=O)(=O)C2)cc1,c1cc(ccc1CC(=O)[O-])[N-]S(=O)(=O)[C@H]2CCS(=O)(=O)C2,0,decoy
O=C(NCc1n[nH]c(=O)[nH]1)[C@H]1CCC(=O)N(C2CCCCCC2)C1,C1CCCC(CC1)N2C[C@H](CCC2=O)C(=O)NCc3[nH]c(=O)[nH]n3,0,decoy
Cc1nnc(N[C@H]2C(C)(C)[C@H]3CC[C@]2(C)C3)c(C#N)c1C,Cc1c(nnc(c1C#N)N[C@@H]2[C@@]3(CC[C@@H](C3)C2(C)C)C)C,0,decoy
COc1ccc(-c2c(C)n[nH]c2-c2ccc(OCC=C(C)C)cc2[O-])cc1,Cc1c(c([nH]n1)c2ccc(cc2[O-])OCC=C(C)C)c3ccc(cc3)OC,0,decoy
O=c1[nH]c([O-])ncc1S(=O)(=O)NC1CC([O-])C1,c1c(c(=O)[nH]c(n1)[O-])S(=O)(=O)NC2CC(C2)[O-],0,decoy
CC[C@H](c1ccc(Br)cc1)[NH+](C)CCN1CCNCC1,CC[C@H](c1ccc(cc1)Br)[NH+](C)CCN2CCNCC2,0,decoy
COCC[NH2+]CCc1nnc(-c2snnc2C(C)(C)C)s1,CC(C)(C)c1c(snn1)c2nnc(s2)CC[NH2+]CCOC,0,decoy
CC1(C)NC(=O)N(CCSc2nc(N)cc(=O)[nH]2)C1=O,CC1(C(=O)N(C(=O)N1)CCSc2[nH]c(=O)cc(n2)N)C,0,decoy
O=C1/C(=C\c2ccccc2[S-])N=C(c2ccccc2)N1/N=C1\C([O-])=Nc2ccccc21,c1ccc(cc1)C2=N/C(=C/c3ccccc3[S-])/C(=O)N2/N=C\4/c5ccccc5N=C4[O-],0,decoy
Cn1nc(C2CCN(c3cc([O-])nc(N)n3)CC2)n(-c2ccccc2)c1=O,Cn1c(=O)n(c(n1)C2CCN(CC2)c3cc(nc(n3)N)[O-])c4ccccc4,0,decoy
Cc1ccc(O)c(/N=C/c2cc(I)ccc2[O-])c1,Cc1ccc(c(c1)/N=C/c2cc(ccc2[O-])I)O,0,decoy
CCOc1nc(Cl)nc(Nc2cc(F)c(F)c(F)c2)n1,CCOc1nc(nc(n1)Cl)Nc2cc(c(c(c2)F)F)F,0,decoy
[H]/N=C(/O)C1=C(C)Nc2ncnn2[C@@H]1c1ccc(OCC)cc1,[H]/N=C(\C1=C(Nc2ncnn2[C@@H]1c3ccc(cc3)OCC)C)/O,0,decoy
CC[NH2+]Cc1cnn(Cc2sccc2Br)c1,CC[NH2+]Cc1cnn(c1)Cc2c(ccs2)Br,0,decoy
Cc1cc(S(N)(=O)=O)cc(NCc2cncn2C)c1C,Cc1cc(cc(c1C)NCc2cncn2C)S(=O)(=O)N,0,decoy
Cc1n[nH]c([O-])c1CCC(=O)N/N=C/C(Br)=C/c1ccccc1,Cc1c(c([nH]n1)[O-])CCC(=O)N/N=C/C(=C/c2ccccc2)/Br,0,decoy
[O-]/C(=N\c1nc(-c2cccc3ccccc23)n[nH]1)c1cn(Cc2ccccc2)nn1,c1ccc(cc1)Cn2cc(nn2)/C(=N/c3[nH]nc(n3)c4cccc5c4cccc5)/[O-],0,decoy
COC[C@@H](N)C(=O)NCCCC(=O)[O-],COC[C@H](C(=O)NCCCC(=O)[O-])N,0,decoy
O=C1NC(=O)c2ccccc2/C1=C\c1cn(-c2ccccc2)nn1,c1ccc(cc1)n2cc(nn2)/C=C/3\c4ccccc4C(=O)NC3=O,0,decoy
[NH3+]CCSCc1cc(=O)n2cc(Br)ccc2n1,c1cc2nc(cc(=O)n2cc1Br)CSCC[NH3+],0,decoy
C=CCOc1ccccc1[C@H]1c2c(nc(N3CCC(C)CC3)[nH]c2=O)NC(=O)[C@H]1C#N,CC1CCN(CC1)c2[nH]c(=O)c3c(n2)NC(=O)[C@H]([C@H]3c4ccccc4OCC=C)C#N,0,decoy
CCc1c(N)nnn1-c1ccccc1Br,CCc1c(nnn1c2ccccc2Br)N,0,decoy
CC(C)(C)[C@H]1CCC[C@H](Cl)C1,CC(C)(C)[C@H]1CCC[C@@H](C1)Cl,0,decoy
O=C([O-])COc1ccccc1[C@H]1C2=C([O-])c3ccccc3C2=NC2=NC(=O)NC(=O)[C@@H]21,c1ccc(c(c1)[C@@H]2[C@H]3C(=O)NC(=O)N=C3N=C4C2=C(c5c4cccc5)[O-])OCC(=O)[O-],0,decoy
NC(=O)Nc1ccc(NC(=O)CSc2cccc3cccc(Cl)c23)cc1,c1cc2cccc(c2c(c1)SCC(=O)Nc3ccc(cc3)NC(=O)N)Cl,0,decoy
CC(C)CCN(C)c1ccc(/C=N/NC(=O)C(=O)N/N=C/c2ccc(N(C)CCC(C)C)cc2)cc1,CC(CCN(c1ccc(cc1)/C=N/NC(=O)C(=O)N/N=C/c2ccc(cc2)N(CCC(C)C)C)C)C,0,decoy
N#C/C(C(=O)/N=c1/cccc[nH]1)=C(/[O-])C1=NO[C@@H](c2ccccc2)C1,c1ccc(cc1)[C@H]2CC(=NO2)/C(=C(\C#N)/C(=O)/N=c\3/cccc[nH]3)/[O-],0,decoy
O=C(Cn1cc(Br)c([O-])nc1=O)/N=c1\[nH]cccc1[O-],c1cc(/c(=N/C(=O)Cn2cc(c(nc2=O)[O-])Br)/[nH]c1)[O-],0,decoy
Cc1ccc2c(c1)c(CNC[C@@]1(O)CNCCOC1)nn2C,Cc1ccc2c(c1)c(nn2C)CNC[C@]3(CNCCOC3)O,0,decoy
C[C@H]1CCC[C@@H](C[NH3+])N1Cc1cc(-c2cccs2)on1,C[C@H]1CCC[C@H](N1Cc2cc(on2)c3cccs3)C[NH3+],0,decoy
COc1ncnc2c1nc(N)n2[C@@H]1COc2ccccc21,COc1c2c(ncn1)n(c(n2)N)[C@@H]3COc4c3cccc4,0,decoy
COc1cc([C@H]([NH3+])c2cncc(F)c2)cc(Cl)c1OC,COc1cc(cc(c1OC)Cl)[C@@H](c2cc(cnc2)F)[NH3+],0,decoy
C[C@H]1CN(S(=O)(=O)[N-][C@]2(C(=O)[O-])CCOC2)C[C@H](C)O1,C[C@H]1CN(C[C@@H](O1)C)S(=O)(=O)[N-][C@@]2(CCOC2)C(=O)[O-],0,decoy
NC(=O)c1ccc2[nH]c(CSc3ncn[n-]3)cc(=O)c2c1,c1cc2c(cc1C(=O)N)c(=O)cc([nH]2)CSc3[n-]ncn3,0,decoy
COc1cc([C@H]2N=C(O)c3c(sc4c3CCN(C(C)C)C4)N2)ccc1OC(=O)c1ccc(C)cc1,Cc1ccc(cc1)C(=O)Oc2ccc(cc2OC)[C@@H]3Nc4c(c5c(s4)CN(CC5)C(C)C)C(=N3)O,0,decoy
COc1cc([C@@H]2Nc3ccccc3NC3=C2C(=O)C[C@H](c2ccc(F)cc2)C3)cc(OC)c1O,COc1cc(cc(c1O)OC)[C@H]2C3=C(C[C@H](CC3=O)c4ccc(cc4)F)Nc5ccccc5N2,0,decoy
O=c1[nH]c2cc([N-]S(=O)(=O)c3cccc4cccnc34)ccc2o1,c1cc2cccnc2c(c1)S(=O)(=O)[N-]c3ccc4c(c3)[nH]c(=O)o4,0,decoy
COc1ccc([C@H]2NN(c3ccccc3)C=C2[C@@H]2NCCc3[nH]cnc32)cc1,COc1ccc(cc1)[C@@H]2C(=CN(N2)c3ccccc3)[C@H]4c5c([nH]cn5)CCN4,0,decoy
Nc1cnc(NCc2ccn[nH]2)c(Br)c1,c1cn[nH]c1CNc2c(cc(cn2)N)Br,0,decoy
C/C(=N\Nc1nnc(C)c([O-])n1)c1ccc2c(c1)OCO2,Cc1c(nc(nn1)N/N=C(\C)/c2ccc3c(c2)OCO3)[O-],0,decoy
CN(C[C@@H]1CCCOC1)C[C@@H]1[C@@H]([NH3+])C(C)(C)OC1(C)C,CC1([C@@H]([C@H](C(O1)(C)C)[NH3+])CN(C)C[C@@H]2CCCOC2)C,0,decoy
C[C@@H]1CN(Cc2cc([O-])n3ncnc3n2)[C@H](C)C[NH2+]1,C[C@@H]1C[NH2+][C@@H](CN1Cc2cc(n3c(n2)ncn3)[O-])C,0,decoy
COC(=O)c1sc(C#N)c([O-])c1[O-],COC(=O)c1c(c(c(s1)C#N)[O-])[O-],0,decoy
CCn1cc(S(=O)(=O)[N-]c2cc(Cl)ccc2OC)c(N)n1,CCn1cc(c(n1)N)S(=O)(=O)[N-]c2cc(ccc2OC)Cl,0,decoy
O=c1[nH]c([O-])c(/C=N/c2cccc3ncccc23)c(=O)[nH]1,c1cc2c(cccn2)c(c1)/N=C/c3c([nH]c(=O)[nH]c3=O)[O-],0,decoy
CN(c1cccc(F)c1)S(=O)(=O)c1ccsc1C[NH3+],CN(c1cccc(c1)F)S(=O)(=O)c2ccsc2C[NH3+],0,decoy
CCCN1C(=O)N[C@@H](C2CCCCC2)C1=O,CCCN1C(=O)[C@@H](NC1=O)C2CCCCC2,0,decoy
Nn1c(SCC(=O)c2ccc3ccccc3c2)nnc1-c1cc(-c2ccc(Cl)cc2)n[nH]1,c1ccc2cc(ccc2c1)C(=O)CSc3nnc(n3N)c4cc(n[nH]4)c5ccc(cc5)Cl,0,decoy
O=C(Nc1cc(C(F)(F)F)c[nH]c1=O)c1cc2c(cc1O)OCO2,c1c(c[nH]c(=O)c1NC(=O)c2cc3c(cc2O)OCO3)C(F)(F)F,0,decoy
Nc1ccn(CCCn2nc(O)c3ccccc3c2=O)n1,c1ccc2c(c1)c(nn(c2=O)CCCn3ccc(n3)N)O,0,decoy
COc1ccc(C2=C[C@H]([C@@H]3NN[C@H](SCC(=O)Nc4cc(Cl)ccc4Cl)N3N)N=N2)cc1,COc1ccc(cc1)C2=C[C@@H](N=N2)[C@@H]3NN[C@@H](N3N)SCC(=O)Nc4cc(ccc4Cl)Cl,0,decoy
COc1cc([N-]S(=O)(=O)c2ccc(NC(=S)Nc3cc(C)ccc3OC)cc2)nc(OC)n1,Cc1ccc(c(c1)NC(=S)Nc2ccc(cc2)S(=O)(=O)[N-]c3cc(nc(n3)OC)OC)OC,0,decoy
O=C(Nc1nc2cc(C(F)(F)F)ccc2n1Cc1ccco1)c1ccc2nn[n-]c2c1,c1cc(oc1)Cn2c3ccc(cc3nc2NC(=O)c4ccc5c(c4)[n-]nn5)C(F)(F)F,0,decoy
CN(CCC(=O)[O-])S(=O)(=O)[N-][C@@H]1CCC(=O)NC1,CN(CCC(=O)[O-])S(=O)(=O)[N-][C@@H]1CCC(=O)NC1,0,decoy
CC(=O)c1ccc(N2CCN(C(=O)C3CCN(S(=O)(=O)c4ccc5c(c4)C[C@H](C)N5C(=O)C4CC4)CC3)CC2)cc1,C[C@H]1Cc2cc(ccc2N1C(=O)C3CC3)S(=O)(=O)N4CCC(CC4)C(=O)N5CCN(CC5)c6ccc(cc6)C(=O)C,0,decoy
O=c1cc(-c2cc(F)ccc2[O-])cc[nH]1,c1cc(c(cc1F)c2cc[nH]c(=O)c2)[O-],0,decoy
O=C(Nc1nc(-c2ccco2)n[n-]1)c1cccc2c1OCO2,c1cc(c2c(c1)OCO2)C(=O)Nc3[n-]nc(n3)c4ccco4,0,decoy
C[C@H]1CCCCC[C@@H]1N1C[C@H](O)CC1=O,C[C@H]1CCCCC[C@@H]1N2C[C@@H](CC2=O)O,0,decoy
C[C@H](S[C@H]1NN=C(C2=c3ccccc3=[NH+]C2)N1C1CC1)C(=O)Nc1sccc1C(N)=O,C[C@@H](C(=O)Nc1c(ccs1)C(=O)N)S[C@H]2NN=C(N2C3CC3)C4=c5ccccc5=[NH+]C4,0,decoy
Cn1c(SCC(=O)NC2CCCC2)nnc1-c1nonc1N,Cn1c(nnc1SCC(=O)NC2CCCC2)c3c(non3)N,0,decoy
C[NH2+][C@]1(C#N)CCC[C@@H](N2CCO[C@H](C)C2)C1,C[C@@H]1CN(CCO1)[C@@H]2CCC[C@@](C2)(C#N)[NH2+]C,0,decoy
c1cncc(CNc2cc(-c3ccc(-c4nnn[n-]4)cc3)c3cc[nH]c3n2)c1,c1cc(cnc1)CNc2cc(c3cc[nH]c3n2)c4ccc(cc4)c5[n-]nnn5,0,decoy
CC(C)=CCc1cc2c(cc1O)OC[C@@H]1c3cc(O)cc(CC=C(C)C)c3O[C@@H]21,CC(=CCc1cc(cc2c1O[C@@H]3[C@@H]2COc4c3cc(c(c4)O)CC=C(C)C)O)C,0,decoy
CCc1nn(C)c(CN2C(=O)[C@@H](C)NC(=O)C[C@H]2C)c1Cl,CCc1c(c(n(n1)C)CN2[C@@H](CC(=O)N[C@@H](C2=O)C)C)Cl,0,decoy
O=C([O-])c1csc(S(=O)(=O)[N-]c2ccc3[nH]c(=O)sc3c2)c1,c1cc2c(cc1[N-]S(=O)(=O)c3cc(cs3)C(=O)[O-])sc(=O)[nH]2,0,decoy
CC[C@@H](CNC(=O)N1CCNC(=O)C1)C(=O)[O-],CC[C@@H](CNC(=O)N1CCNC(=O)C1)C(=O)[O-],0,decoy
CCCOc1ccc([C@H]2c3c([O-])nc(N4CCCC[C@@H]4C)nc3NC(=O)[C@H]2C#N)cc1,CCCOc1ccc(cc1)[C@H]2c3c(nc(nc3[O-])N4CCCC[C@@H]4C)NC(=O)[C@H]2C#N,0,decoy
Cn1nccc1[N-]S(=O)(=O)c1c(NN)nc2ccccn12,Cn1c(ccn1)[N-]S(=O)(=O)c2c(nc3n2cccc3)NN,0,decoy
Nc1nc(C(=O)N(CCO)[C@@H]2CCS(=O)(=O)C2)n[n-]1,C1CS(=O)(=O)C[C@@H]1N(CCO)C(=O)c2nc([n-]n2)N,0,decoy
C[C@@H]1CC[C@@H](C(=O)N(CCO)C2CCCCC2)C[NH2+]1,C[C@@H]1CC[C@H](C[NH2+]1)C(=O)N(CCO)C2CCCCC2,0,decoy
Cc1nc([O-])c2c(n1)NC(=O)C[C@H]2c1ccc2c(c1)OCO2,Cc1nc2c(c(n1)[O-])[C@@H](CC(=O)N2)c3ccc4c(c3)OCO4,0,decoy
O=C([O-])c1ccc(N[C@@H]2C[C@H]3CC[C@@H]2C3)cc1C(F)(F)F,c1cc(c(cc1N[C@@H]2C[C@H]3CC[C@@H]2C3)C(F)(F)F)C(=O)[O-],0,decoy
CSCC[C@H](NC(=O)N(C)CC1CC([O-])C1)C(=O)[O-],CN(CC1CC(C1)[O-])C(=O)N[C@@H](CCSC)C(=O)[O-],0,decoy
CCO/C([O-])=C1\C(=O)N=C2[N-]c3ccccc3N2[C@@H]1c1ccc(N(C)C)cc1,CCO/C(=C\1/[C@H](N2c3ccccc3[N-]C2=NC1=O)c4ccc(cc4)N(C)C)/[O-],0,decoy
CN1C(=O)/C(=C/c2c[nH]c3ccccc23)S/C1=N/c1ccc(C(=O)[O-])cc1,CN\1C(=O)/C(=C/c2c[nH]c3c2cccc3)/S/C1=N/c4ccc(cc4)C(=O)[O-],0,decoy
Cc1c([C@H](C)N[C@H]2CCCC[C@@H]2[C@@H]2CCC[NH2+]2)cnn1C,Cc1c(cnn1C)[C@H](C)N[C@H]2CCCC[C@@H]2[C@@H]3CCC[NH2+]3,0,decoy
CC(C)C(=O)/C=C([O-])/C([O-])=C/C(=O)C(C)C,CC(C(=O)/C=C(\[O-])/C(=C/C(=O)C(C)C)/[O-])C,0,decoy
COc1ccc(-n2[nH]c(-c3cnc(N4CCCC4)nc3C)cc2=O)cc1,Cc1c(cnc(n1)N2CCCC2)c3cc(=O)n([nH]3)c4ccc(cc4)OC,0,decoy
CNC(=O)N(O)[C@H]1N(C)C(=O)N(C2CCCCC2)C1(C)C,CC1([C@H](N(C(=O)N1C2CCCCC2)C)N(C(=O)NC)O)C,0,decoy
Cc1cc(=O)[nH]c(SCc2cc([N+](=O)[O-])ccc2N)n1,Cc1cc(=O)[nH]c(n1)SCc2cc(ccc2N)[N+](=O)[O-],0,decoy
[O-]/C(CSc1ncn[n-]1)=N\c1nc(-c2ccccc2)ns1,c1ccc(cc1)c2nc(sn2)/N=C(/CSc3[n-]ncn3)\[O-],0,decoy
Cc1[nH]c(=O)nc([O-])c1S(=O)(=O)N1CCOc2ccccc21,Cc1c(c(nc(=O)[nH]1)[O-])S(=O)(=O)N2CCOc3c2cccc3,0,decoy
C[C@H](OC(=O)c1ccc2c(c1N)C(=O)c1ccccc1C2=O)C(=O)N[C@H](C)c1ccc(F)cc1,C[C@H](c1ccc(cc1)F)NC(=O)[C@H](C)OC(=O)c2ccc3c(c2N)C(=O)c4ccccc4C3=O,0,decoy
[O-]c1cnnc(N/N=C\c2cc(Br)ccc2O)n1,c1cc(c(cc1Br)/C=N\Nc2nc(cnn2)[O-])O,0,decoy
CC(C)(CNC(=O)Cc1cn2ccsc2n1)c1ccccc1F,CC(C)(CNC(=O)Cc1cn2ccsc2n1)c3ccccc3F,0,decoy
Cc1ccnn1-c1ccc(C(=O)N2CCC3(CC2)NC(=O)N=C3[O-])cc1,Cc1ccnn1c2ccc(cc2)C(=O)N3CCC4(CC3)C(=NC(=O)N4)[O-],0,decoy
Cc1ccc(CNc2n/c(=N/c3ccc(Cl)cc3Cl)[n-]c3ccccc23)cc1,Cc1ccc(cc1)CNc2c3ccccc3[n-]/c(=N\c4ccc(cc4Cl)Cl)/n2,0,decoy
CC(C)CNc1nc([C@H]2CCCCS2)ns1,CC(C)CNc1nc(ns1)[C@H]2CCCCS2,0,decoy
O=C(Nc1ncn[nH]1)C1CCN(c2cc(C3CC3)ncn2)CC1,c1c(ncnc1N2CCC(CC2)C(=O)Nc3[nH]ncn3)C4CC4,0,decoy
CC(C)(CNC(=O)N[C@@H]1CCCSC1)c1cc[nH+]cc1,CC(C)(CNC(=O)N[C@@H]1CCCSC1)c2cc[nH+]cc2,0,decoy
COC(=O)c1c(NC(=O)CC(F)(F)F)sc2c1CC[NH2+]C2,COC(=O)c1c2c(sc1NC(=O)CC(F)(F)F)C[NH2+]CC2,0,decoy
C=C(C)C[C@H]1CCCC[C@@H]1Cl,CC(=C)C[C@H]1CCCC[C@@H]1Cl,0,decoy
Cc1cc(N)c(S(=O)(=O)N[C@@H]2C=CS(=O)(=O)C2)cc1C,Cc1cc(c(cc1C)S(=O)(=O)N[C@H]2CS(=O)(=O)C=C2)N,0,decoy
N#C[C@H]1CCCC[C@@H]1Sc1nccc(=O)[nH]1,c1cnc([nH]c1=O)S[C@H]2CCCC[C@@H]2C#N,0,decoy
Cc1sc(C[NH3+])cc1S(=O)(=O)N(C)Cc1ccsc1,Cc1c(cc(s1)C[NH3+])S(=O)(=O)N(C)Cc2ccsc2,0,decoy
CC[C@H](C)C[C@@H](C)[NH2+][C@@H](C)c1cc2cc(Br)ccc2o1,CC[C@H](C)C[C@@H](C)[NH2+][C@@H](C)c1cc2cc(ccc2o1)Br,0,decoy
CCc1cccc2c(/C=C3\C(=O)NC(=O)N(c4cccc(C)c4C)C3=O)c[nH]c12,CCc1cccc2c1[nH]cc2/C=C/3\C(=O)NC(=O)N(C3=O)c4cccc(c4C)C,0,decoy
CN(Cc1ccc(C(=O)[O-])cc1)C(=O)Nc1ccn(C)n1,Cn1ccc(n1)NC(=O)N(C)Cc2ccc(cc2)C(=O)[O-],0,decoy
O=C([O-])[C@H]1CCCC[C@H]1Nc1c(F)c(F)c(F)c(F)c1F,C1CC[C@H]([C@H](C1)C(=O)[O-])Nc2c(c(c(c(c2F)F)F)F)F,0,decoy
CCCn1nc(C)c([N+](=O)[O-])c1N(C)[C@@H]1CCC[NH2+]C1,CCCn1c(c(c(n1)C)[N+](=O)[O-])N(C)[C@@H]2CCC[NH2+]C2,0,decoy
O=c1[nH]c([O-])ncc1S(=O)(=O)N1CCN(c2ccccc2F)CC1,c1ccc(c(c1)N2CCN(CC2)S(=O)(=O)c3cnc([nH]c3=O)[O-])F,0,decoy
Cc1cc(-c2nnc(CN(C)c3cc(C(C)C)[nH+][nH]3)o2)c(C)o1,Cc1cc(c(o1)C)c2nnc(o2)CN(C)c3cc([nH+][nH]3)C(C)C,0,decoy
C[C@H](C[C@@H]1CCCO1)[C@@H](C)Br,C[C@H](C[C@@H]1CCCO1)[C@@H](C)Br,0,decoy
Cc1ccc(-c2nnc([S-])n2/N=C/C(Cl)=C\c2ccccc2)cc1,Cc1ccc(cc1)c2nnc(n2/N=C/C(=C\c3ccccc3)/Cl)[S-],0,decoy
Cc1nn(C)c(Oc2ccc(Br)c(F)c2)c1C[NH2+]C(C)C,Cc1c(c(n(n1)C)Oc2ccc(c(c2)F)Br)C[NH2+]C(C)C,0,decoy
O=C([O-])c1cccc(N2C(=O)C([O-])=C(C(=O)c3ccc4c(c3)OCO4)[C@H]2c2ccsc2)c1,c1cc(cc(c1)N2[C@@H](C(=C(C2=O)[O-])C(=O)c3ccc4c(c3)OCO4)c5ccsc5)C(=O)[O-],0,decoy
C[C@H]1C[C@H](C)CN(C(=O)NC(=O)COCC(=O)[O-])C1,C[C@H]1C[C@@H](CN(C1)C(=O)NC(=O)COCC(=O)[O-])C,0,decoy
O=C(NC1(c2nnn[n-]2)CCC1)c1cccc2c1OCO2,c1cc(c2c(c1)OCO2)C(=O)NC3(CCC3)c4[n-]nnn4,0,decoy
COc1ccc(C/C(C)=N/N/C([S-])=N/c2c(C)cccc2C)cc1,Cc1cccc(c1/N=C(/N/N=C(\C)/Cc2ccc(cc2)OC)\[S-])C,0,decoy
O=C1CC(=O)Nc2cc(S(=O)(=O)[N-]c3cccc(/C=C\c4ccccn4)c3)ccc2N1,c1ccnc(c1)/C=C\c2cccc(c2)[N-]S(=O)(=O)c3ccc4c(c3)NC(=O)CC(=O)N4,0,decoy
COC(=O)c1ccc([C@H]2N=C(c3cccc(OC)c3)C[C@@H](c3ccc(Cl)cc3[O-])N2)cc1,COc1cccc(c1)C2=N[C@@H](N[C@@H](C2)c3ccc(cc3[O-])Cl)c4ccc(cc4)C(=O)OC,0,decoy
CC1CCN(c2ccc(C(=O)[O-])cc2[N-]S(=O)(=O)c2cccs2)CC1,CC1CCN(CC1)c2ccc(cc2[N-]S(=O)(=O)c3cccs3)C(=O)[O-],0,decoy
Cc1ccc(C(=O)NNC(=O)[C@H](NC(N)=O)C(C)C)s1,Cc1ccc(s1)C(=O)NNC(=O)[C@@H](C(C)C)NC(=O)N,0,decoy
Cc1nn(C)c(C)c1CC(=O)N[C@H](CCC(=O)[O-])C(=O)[O-],Cc1c(c(n(n1)C)C)CC(=O)N[C@H](CCC(=O)[O-])C(=O)[O-],0,decoy
[H]/N=C(O)/N=C(\[O-])CSc1nc(-c2ccccc2)c(-c2ccccc2)o1,[H]/N=C(/N=C(/CSc1nc(c(o1)c2ccccc2)c3ccccc3)\[O-])\O,0,decoy
Clc1cnc2[nH]c(SCc3nnnn3-c3ccccc3)nc2c1,c1ccc(cc1)n2c(nnn2)CSc3[nH]c4c(n3)cc(cn4)Cl,0,decoy
CC(C)(C)c1n[n-]c(C(=O)Nc2nc3c(s2)CCC3)n1,CC(C)(C)c1nc([n-]n1)C(=O)Nc2nc3c(s2)CCC3,0,decoy
Cc1ccc(-c2nnc([S-])n2CCC(=O)Nc2ccc(C(F)(F)F)cc2)cc1,Cc1ccc(cc1)c2nnc(n2CCC(=O)Nc3ccc(cc3)C(F)(F)F)[S-],0,decoy
CC(C)NCC(=O)N1CCC[C@H](C(C)(C)C)CC1,CC(C)NCC(=O)N1CCC[C@@H](CC1)C(C)(C)C,0,decoy
C[C@H](CNc1ccccc1OCc1ccccc1)Oc1ccccc1,C[C@H](CNc1ccccc1OCc2ccccc2)Oc3ccccc3,0,decoy
C[C@@H](NS(=O)(=O)c1ccc(F)cc1Cl)c1nnn[n-]1,C[C@H](c1[n-]nnn1)NS(=O)(=O)c2ccc(cc2Cl)F,0,decoy
CCCNC(=O)N1CCN(C(=O)C23CC4CC(CC(C4)C2)C3)CC1,CCCNC(=O)N1CCN(CC1)C(=O)C23CC4CC(C2)CC(C4)C3,0,decoy
CCN[C@@H](C)c1cnn([C@@H]2CCO[C@]3(CCSC3)C2)c1,CCN[C@@H](C)c1cnn(c1)[C@@H]2CCO[C@@]3(C2)CCSC3,0,decoy
Cc1ccc(-c2nnc3n2C[C@@H](CO)CC3)cc1F,Cc1ccc(cc1F)c2nnc3n2C[C@H](CC3)CO,0,decoy
COC(=O)[C@H]([NH2+]C1CC1)c1cc(Br)c2c(c1)OCCCO2,COC(=O)[C@@H](c1cc2c(c(c1)Br)OCCCO2)[NH2+]C3CC3,0,decoy
Cc1ccc(N[C@H]2CCCN(C(=O)c3cc(Cl)c[nH]c3=O)C2)cc1C,Cc1ccc(cc1C)N[C@H]2CCCN(C2)C(=O)c3cc(c[nH]c3=O)Cl,0,decoy
CC(=O)[C@H]1C(=O)C=C(C)O[C@@H]1Nc1ccc2[nH]c(=O)oc2c1,CC1=CC(=O)[C@@H]([C@H](O1)Nc2ccc3c(c2)oc(=O)[nH]3)C(=O)C,0,decoy
Cc1ccsc1C[NH2+]CCn1cncc(Br)c1=O,Cc1ccsc1C[NH2+]CCn2cncc(c2=O)Br,0,decoy
O=C([O-])CCS(=O)(=O)[N-]c1ccccc1-n1cncn1,c1ccc(c(c1)[N-]S(=O)(=O)CCC(=O)[O-])n2cncn2,0,decoy
CC(C)[C@@H](NC(=O)[C@@H]1Cc2ccccc2S1)c1nc(C2CC2)no1,CC(C)[C@H](c1nc(no1)C2CC2)NC(=O)[C@@H]3Cc4ccccc4S3,0,decoy
O=C([O-])c1cc(C(=O)[O-])cc(N2C(=O)[C@@H]3[C@H](C2=O)[C@H]2C=C[C@@H]3C2)c1,c1c(cc(cc1C(=O)[O-])N2C(=O)[C@@H]3[C@@H]4C[C@H]([C@@H]3C2=O)C=C4)C(=O)[O-],0,decoy
O=C1CCN2CC[C@H](n3nnc4ccccc43)c3cccc(c32)N1,c1ccc2c(c1)nnn2[C@H]3CCN4CCC(=O)Nc5c4c3ccc5,0,decoy
CCC[C@@H](C[NH3+])c1nc(-c2cncc(Br)c2)no1,CCC[C@@H](C[NH3+])c1nc(no1)c2cc(cnc2)Br,0,decoy
